1251 , 123-45-4343 , example , example , USA , 123-344-3432 , 1201 , example@dsadsad.com
1252 , 124-45-3422 , firstuser , firstuser , US , 345-342-3423 , 1202 , firstuser@dsadsad.com
1601 , 765-56-4544 , customer , customer , Abc Street , 345-344-4357 , 1551 , sadas@dsadsddsad.com
1602 , 123-45-6789 , settar , techproed , Gallows road 123 , 123-345-2354 , 1552 , hisetkal@gmail.com
1603 , 123-45-2345 , batch1 , batch2 , Gallows road 8765 , 321-345-2354 , 1553 , hisetkal@gmail.com
1604 , 222-11-3333 , Emily , Keskin , Street 1234 , 111-222-3333 , 1554 , kaska@gmail.com
1605 , 432-45-6780 , Orhan , Keskin , Just a street , 222-333-4444 , 1555 , emailexample@gmail.com
2201 , 132-65-4789 , ali , veli , newYork , 850-311-11812 , 2151 , aaa@gmail.com
2202 , 254-43-6532 , Peter , John , 3 Derby Street No 38 , 254-652-1002 , 2152 , peter@john.com
2203 , 888-55-4444 , Ibrahim , Kalin , 2729 Gallows road No:108 , 786-498-3824 , 2153 , kalin54ibrahim@gmail.com
2204 , 123-44-5678 , Cucumber , Mint , Try street 12  12569 Washington,DC , 333-333-4444 , 2154 , cucumint@gmail.com
2205 , 069-69-0069 , Cellim , Whitelion , 123 orleans , 336-575-41276 , 2155 , ellya_france@gmail.com
2206 , 548-36-4521 , test , ediyor , Test Mahallesi Test Sokak Test Apartman , 555-123-7654 , 2156 , h.sekerli67@gmail.com
2207 , 069-69-0045 , Cellim , Lion , 233 olivet Orleans , 336-678-9879 , 2157 , ellyabutikfrance@gmail.com
2208 , 889-12-4523 , test , ediyor , Test Mahallesi Test Sokak Test Apartman 06100 Washington , 555-123-7654 , 2158 , h.sekerli67@gmail.com
2209 , 234-54-2354 , ter , zaman , kahgytd usts  ,  , 2159 , reamoytg@yandex.com
2210 , 234-54-2353 , Alman , Bakiye , kahgytd usts  ,  , 2160 , almanbaki@yandex.com
2211 , 111-22-3333 , ali , bak , ali ata bak , 123-123-1234 , 2161 , testdeneme@gmail.com
2212 , 123-45-9874 , Ozkan , Cankaya , Deneme Deneme , 123-123-4567 , 2162 , j6hesabi@gmail.com
2213 , 111-11-1111 , sel , dr , paderborn ,  , 2163 , 49pdrbrn@gmail.com
2214 , 123-12-8795 , advdre , qsdqsd , qsdqsdqsd , 123-123-1234 , 2164 , j6hesabi@gmail.com
2215 , 111-11-1112 , pad , bor , paderborn ,  , 2165 , 49pdrbrn@gmail.com
2216 , 078-05-1120 , Iskender , Demirkan , weidigweg, 31 ,  , 2166 , iskender1982@gmail.com
2217 , 458-45-8521 , test , test1 , Test Mahallesi Test Sokak Test Apartman 06100 Londra , 555-123-7654 , 2167 , h.sekerli67@gmail.com
2218 , 231-43-7654 , mehmet , duran , test mahallesi test sokak no:5 , 123-432-7654 , 2168 , testyapmakguzel@gmail.com
2219 , 888-66-6666 , Mesut , Orhan , Ottawa , 555-555-2525 , 2169 , mmmmm@mail.com
2220 , 333-44-5555 , Pixie , Cat , 555 Ave. , 555-123-4567 , 2170 , pixiecat@gmail.com
2221 , 321-32-4321 , mehmet eve gel , yilmaz erken uyu , Yukari mahallesi Hamam caddesi Mahya sokak no:7 , 333-213-5678e , 2171 , merhaba@gmail.com
2222 , 123-56-8521 , Deneme , Deneme , EU , 123-654-7895 , 2172 , abc123@gmail.com
2223 , 123-12-3456 , ali , hasan , 1801 N Lamar st #130 , 635-488-4973 , 2173 , ali@gmail.com
2224 , 456-41-2369 , test , test1 , Test Mahallesi Test Sokak Test Apartman , 555-123-7654 , 2174 , asd@gmail.com
2225 , 156-45-7896 , samet , yaprak , ankara istanbul , 456-852-4863 , 2175 , sametyaprak@gmail.com
2226 , 111-33-8888 , Ramazan , Kali , 46 Buttonwood Rd , 111-333-7777 , 2176 , kalitest2001@gmail.com
2227 , 853-56-9874 , azerty , azerty , gh , 888-888-8888 , 2177 , azer@mail.com
2228 , 888-99-7898 , fakename , fakesurname , New York , 555-897-9966 , 2178 , fakename@gmail.com
2229 , 589-25-3659 , Emre , Demir , 999 main ave , 647-487-9987 , 2179 , ed733887@gmail.com
2230 , 108-22-1905 , Aziz , Eke , Ipeirou 8 , 698-578-0714 , 2180 , azizekeathn@gmail.com
2231 , 111-22-3355 , ali , can , germany , 123-456-7890 , 2181 , fdfsfdfs@gmail.com
2232 , 367-07-9993 , hakki , test , Test Mahallesi Test Sokak Test Apartman 06100 Londra , 312-412-0606 , 2182 , hkkskrc@gmail.com
2233 , 332-13-3213 , Adil , Yesil , kolping str.0 , 012-333-3333 , 2183 , asdfg@gmail.com
2234 , 747-56-4444 , faruk , user , Try street 5  12560 Washington, DC , 321-321-4444 , 2184 , cucumintt@gmail.com
2235 , 399-29-4999 , wieder , Selam , Str Street 115 112000 DC , 388-388-4888 , 2185 , wiederselam@gmail.com
2236 , 532-36-2000 , Fedai , Ocak , Rue Eugene Vandenhoff  ,  , 2186 , fedaiocak07@gmail.com
2237 , 123-12-1234 , Pehlivan , Yenilmez , Test mahallesi Test caddesi Test sokak no:5 , 555-123-1234 , 2187 , omeraydiin29@gmail.com
2238 , 123-33-5423 , Suada , Hoxha , 126 Lion rd , 267-476-2354 , 2188 , suadahxh1@gmail.com
2239 , 135-79-1357 , Ali , John , 101 North Tryon Street, Charlotte, NC , 135-791-3579 , 2189 , cem7can7@gmail.com
2240 , 333-22-4444 , Tahsin , Ak , Halle , 333-333-4444 , 2190 , tahcesin@gmail.com
2241 , 555-22-4444 , Murat , L , London ,  , 2191 , muratlaflaf@gmail.com
2242 , 789-90-7890 , ali cinar , unal , 8080 sunny street  , 410-912-3080 , 2192 , tester001@gmail.com
2243 , 111-22-1111 , 345 , 345 , 9090 major street , 789-908-7870 , 2193 , hkjkj@hj.com
2244 , 111-22-1112 , 345 , 345 , 9090 major street , 789-908-7870 , 2194 , hkjkj@hj.com
2245 , 223-12-2345 , Yunus Emre , KAYA , Kirchheim unter Teck , 123-234-3456 , 2195 , deu.av.yunusemre@gmail.com
2246 , 333-22-4448 , Ali , Smith , A mah. B cad. No:1 66300 Istanbul Sariyer , 123-123-1234 , 2200 , abc546@mail.com
2247 , 333-22-4447 , Ali , Smith , A mah. B cad. No:1 66300 Istanbul Sariyer , 123-123-1234 , 2701 , abc1546@mail.com
2248 , 325-56-2546 , ali , aksu , 13 gallop lane , 123-456-7890 , 2702 , ali01@gmail.com
2249 , 123-45-7890 , Kamil , Kara , QA Test 3 rue , 123-123-1233 , 2703 , kamil@gmail.com
2250 , 555-11-2222 , Alya , Kazakchi , 1308 Delaney Road Delaware 43067 , 123-456-7890 , 2704 , alyakazakchi@gmail.com
2801 , 111-22-4444 , ali , yuksel ,  ,  , 2705 , aliyuksel@gmail.com
2802 , 135-79-1113 , ahmet , ramazan , 2110 San Jacinto Blvd, Austin, TX 78712 , 246-813-1214 , 2706 , ramazan@gmail.com
2803 , 777-88-9999 , rasit , erol , Savvidou 5 , 111-222-3333 , 2708 , iscanerol0@gmail.com
2804 , 432-13-3213 , First  , Last  , kolping str. 25 , 111-222-3333 , 2709 , asdf@gmail.com
2805 , 288-23-2922 , ORHAN , DEMIRCI , 9 LINCOLN ST , 407-404-9579 , 2710 , demirci_orhan@outlook.com
2806 , 888-88-9999 , Bayram_ , HIZAL , Hofstettenstrasse 38 , 444-555-6666 , 2711 , bayramhizal41@icloud.com
2807 , 111-22-3454 , team10 , team10 , USA , 555-555-5555 , 2713 , nmert.techproed@gmail.com
2808 , 123-12-4567 , a , b , jhgjhgjhgjhbv ,  , 2715 , ahmet@gmail.com
2809 , 745-98-8741 , Emre , Demir , New York , 987-874-6688 , 2716 , ed733887@gmail.com
2810 , 222-12-3321 , Ali , Osman , kolping str. , 123-123-1454 , 2717 , alos@gmail.com
2811 , 111-11-1101 , globaladmin , team , world , 111-111-1111 , 2718 , globalteamadmin@gmail.com
2812 , 111-11-1102 , globalcostumer1 , globalcostumer1 , world , 111-111-1111 , 2719 , globalteamcostumer@gmail.com
2813 , 111-33-2222 , Linda , Pine , 123 Elm Ave. , 111-222-3456 , 2720 , linda@gmail.com
2814 , 111-11-1103 , globalemployee1 , globalemployee1 , world , 111-111-1111 , 2722 , globalemployee1@gmail.com
2815 , 111-11-1104 , globalmanager1 , globalmanager1 , world , 111-111-1111 , 2723 , globalmanager1@gmail.com
2816 , 111-11-1105 , globaluser1 , globaluser1 , world , 111-111-1111 , 2724 , globaluser1@gmail.com
2817 , 444-55-6666 , Sherlock , Holmes , 221b Baker Street London , 444-333-2222 , 2726 , sherlockholmes@gmail.com
2818 , 333-11-4444 , Ali , Smith , A mah. B cad. No:1 66300 Istanbul Sariyer , 123-123-1234 , 2728 , 123abc@mail.com
2819 , 332-11-4444 , Ali , Smith , A mah. B cad. No:1 66300 Istanbul Sariyer , 123-123-1234 , 2729 , 123ab1c@mail.com
2820 , 322-11-4444 , Ali , Smith , A mah. B cad. No:1 66300 Istanbul Sariyer , 123-123-1234 , 2730 , 1123ab1c@mail.com
2821 , 333-29-4444 , Ali , Smith , A mah. B cad. No:1 66300 Istanbul Sariyer , 123-123-1234 , 2731 , abca@mail.com
2822 , 333-28-4444 , Ali , Smith , A mah. B cad. No:1 66300 Istanbul Sariyer , 123-123-1234 , 2732 , abc12@mail.com
2823 , 333-28-4417 , Ali , Smith , A mah. B cad. No:1 66300 Istanbul Sariyer , 123-123-1234 , 2733 , abc12hlx@mail.com
2824 , 333-28-4562 , Ali , Smith , A mah. B cad. No:1 66300 Istanbul Sariyer , 123-123-1234 , 2734 , abc12ado@mail.com
2825 , 333-28-4943 , Ali , Smith , A mah. B cad. No:1 66300 Istanbul Sariyer , 123-123-1234 , 2735 , abc12d8l@mail.com
2826 , 333-28-4747 , Ali , Smith , A mah. B cad. No:1 66300 Istanbul Sariyer , 123-123-1234 , 2736 , abc12i55@mail.com
2827 , 333-28-4463 , Ali , Smith , A mah. B cad. No:1 66300 Istanbul Sariyer , 123-123-1234 , 2737 , abc12h1m@mail.com
2828 , 333-28-4708 , Ali , Smith , A mah. B cad. No:1 66300 Istanbul Sariyer , 123-123-1234 , 2738 , abc120sd@mail.com
2829 , 222-78-4500 , jenny , rose , Oklahoma City , 115-961-0210 , 2739 , jenny@gmail.com
2830 , 333-55-4567 , Elif , Gul , 54 Milky Way , 304-254-1818 , 2740 , elifgul@gmail.com
2831 , 123-23-2332 , selami , unsal , 11011 edge park st apt 303 , 703-803-0393 , 2741 , unsalsezayi@gmail.com
2832 , 333-22-4446 , Necip , Fazil , 116 jane street  No:1 02121 north, CAN , 647-567-3846 , 2742 , fzlhan46@gmail.com
2833 , 341-27-4546 , Necip , Fazil , 116 jane street  No:1 02121 north, CAN , 647-567-3846 , 2743 , fzlhan46@gmail.com
2834 , 888-88-8888 , admin2 , adminLast , 571 New York Ave , 333-333-3333 , 2744 , random@gmail.com
2835 , 333-22-3333 , team10admin , team10 ,  , 333-333-4444 , 2746 , team10@gmail.com
2836 , 123-23-1234 , selami , unsal , 11011 edge park st , 706-606-6666 , 2747 , selamiunsal@gmail.con
2837 , 222-15-6778 , Admin , Team5 , Kirchheim unter Teck , 111-222-3333 , 2748 , team5admink@gmail.com
2838 , 222-15-6779 , Customer , Team5 , Kirchheim unter Teck , 111-222-3334 , 2749 , team5customer@gmail.com
2839 , 222-15-6780 , User , Team5 , Kirchheim unter Teck , 111-222-3335 , 2750 , team5userr@gmail.com
2840 , 781-12-3456 , Bluebell , Garden , 12 Colorado Way No: 15  Woodland, CA 10214 , 501-313-6264 , 3051 , bluebelle@gmail.com
2841 , 212-35-6708 , Employee , Team5 , Kirchheim unter Teck , 345-231-5675 , 3052 , team5employee@gmail.com
2842 , 212-35-6709 , Manager , Team5 , Kirchheim unter Teck , 345-231-5676 , 3053 , team5manager@gmail.com
2843 , 781-12-3457 , Bluebell , Garden , 12 Colorado Way No:15 Woodland, CA , 501-313-6265 , 3058 , bluebelle@gmail.com
2844 , 781-12-3458 , Stephen , McManus , 10 Sunrise Road No:1 Davis, CA , 501-313-6266 , 3059 , stephenmc@gmail.com
2845 , 781-12-3459 , Jacob , White , 35 Norwood St. No:2 Davis, CA , 501-313-6267 , 3060 , jacobwhite@gmail.com
2846 , 781-12-3460 , Mary , Christ , 11 Sunshine Road No:22 Davis, CA , 501-313-6268 , 3063 , marychrist@gmail.com
2847 , 258-96-3147 , Kara , Kartal , abcd , 147-852-3698 , 3068 , karakartal21@yahoo.com
2848 , 555-99-7777 , Kevin , Anulur , 58 maple street , 437-235-2525 , 3069 , kevinanulur@gmail.com
2849 , 321-21-4321 , Mehmet , Y?ld?r?m , Mariano Acosta 30 / 4A , 321-321-4321 , 3070 , ortasayfam@gmail.com
2850 , 789-01-2345 , Osman , Teamten , 12542 S Main road , 789-012-3456 , 3071 , osman_10@gmail.com
3201 , 101-10-1234 , Mehmet , Y?ld?r?m , Mariano Acosta 30 / 4A , 333-333-4444 , 3072 , ortasayfam@gmail.com
3202 , 222-56-7890 , Serdar , Kaya , 2442 ovean Ave. , 222-333-4455 , 3073 , jacksonkaya25@gmail.com
3203 , 333-28-4184 , Ali , Smith , A mah. B cad. No:1 66300 Istanbul Sariyer , 123-123-1234 , 3074 , abc12fbm@mail.com
3204 , 456-12-1234 , adil , yesilmen , address , 323-123-1234 , 3075 , adil@gmail.com
3205 , 333-28-4600 , Ali , Smith , A mah. B cad. No:1 66300 Istanbul Sariyer , 123-123-1234 , 3076 , abc12205@mail.com
3206 , 535-24-2434 , ali , can , 13 gallop ln NJ 08873 , 535-243-2434 , 3078 , gmib.team07@gmail.com
3207 , 535-24-2433 , ali , can , 13 gallop ln NJ 08873 , 123-456-7890 , 3079 , gmib.team07@gmail.com
3208 , 778-98-6325 , Muhammet , Isik , 125 alley rd , 526-879-9856 , 3082 , abcd@gmail.com
3209 , 123-45-9876 , Yesim , athina , Karditsis 8 , 126-234-9876 , 3083 , katrenjohn789@gmail.com
3210 , 687-98-9870 , hel , yum , gazi street , 567-897-1235 , 3084 , helyum_gazi06@gmail.com
3211 , 123-22-9988 , Erva , Nilgun , shaksh str , 123-222-9988 , 3085 , ervanilgun@gmail.com
3212 , 123-45-6897 , samet , samet2 , dsdsddsd dsdsd 12212 , 123-456-7890 , 3086 , ramakali@cimail.com
3213 , 435-53-1234 , Muhammet , Isik , 124-453-5323 , 124-453-5323 , 3087 , abcde@gmail.com
3214 , 567-23-4190 , ozgur , cil , 3 pleasant ave Norfolk VA 23456 , 757-814-6932 , 3088 , ozgurcil90@gmai.com
3215 , 100-20-3000 , betty , uns , 1000 times square , 220-100-1000 , 3089 , tester.georgia.2020@gmail.com
3216 , 789-22-4444 , Customer , user , Street 115 112000 DC , 555-666-9000 , 3090 , musteri4@gmail.com
3217 , 187-52-4321 , Ali , Can , hatayli caddesi antakya mahallesi , 533-455-2333 , 3093 , foreachloop2023@gmail.com
3218 , 123-45-7896 , ali , veli , ankara , 123-456-9575 , 3095 , aliveli@gmail.com
3219 , 777-44-8888 , Ahmet Tahir , Gunes , Newyork , 444-666-9999 , 3096 , linklifetoronto15@gmail.com
3220 , 123-45-6780 , Ali , Can , Yilmaz Sokak Yorulmaz caddesi no:3/4 Tokat , 533-455-2334 , 3097 , foreachloop2020@gmail.com
3221 , 123-45-6781 , Employee9 , Employee , hatayli caddesi antakya mahallesi no 4 , 533-455-2339 , 3098 , employee9@gmail.com
3222 , 123-45-6785 , Customer9 , customer , hatayli caddesi antakya mahallesi no 66 , 533-455-2335 , 3099 , customer9@gmail.com
3223 , 483-21-2356 , Team2 , Admin , Newyork , 111-222-3333 , 3100 , team2admin@gmail.com
3224 , 345-89-3563 , Team2 , manager , Newyork , 111-222-3333 , 3451 , team2admin@gmail.com
3225 , 123-45-6787 , User , user , hatayli caddesi antakya mahallesi no 123 , 533-455-2331 , 3452 , user9@gmail.com
3226 , 546-90-4444 , Team2 , user , Newyork , 111-222-3333 , 3453 , team2user@gmail.com
3227 , 344-35-4444 , Team2 , employee , Newyork , 111-222-3333 , 3454 , team2employee@gmail.com
3228 , 123-95-6789 , Manager9 , manager , hatayli caddesi antakya mahallesi no98 , 533-455-2332 , 3455 , manager9@gmail.com
3229 , 144-35-4444 , Team2 , customer , Newyork , 111-222-3333 , 3456 , team2employee@gmail.com
3230 , 354-33-4444 , team2 , employee , newyork , 333-444-5555 , 3457 , team22employee@gmail.com
3231 , 354-33-8888 , team , customer , newyork , 333-444-6666 , 3458 , team2customer@gmail.com
3232 , 333-55-8888 , team2-2 , manager , germany , 333-333-3333 , 3459 , team2@gmail.com
3233 , 333-28-4092 , Ali , Smith , A mah. B cad. No:1 66300 Istanbul Sariyer , 123-123-1234 , 3460 , abc12xu0@mail.com
3234 , 333-28-4643 , Ali , Smith , A mah. B cad. No:1 66300 Istanbul Sariyer , 123-123-1234 , 3461 , abc12ce0@mail.com
3235 , 222-45-4444 , team2 , admin , newyork , 333-333-3333 , 3462 , team2admin@gmail.com
3236 , 333-44-6666 , team2 , manager , newyork , 333-444-5555 , 3463 , team2manager@gmail.com
3237 , 444-33-4444 , team2 , employee , newyork , 444-444-4444 , 3464 , team2employee@gmail.com
3238 , 333-33-3333 , teamiki , user , newyork , 333-444-4444 , 3465 , teamikiuser@gmail.com
3239 , 456-45-4567 , firstname , lastname , Registration address , 123-123-1234 , 3466 , myusername@gmail.com
3240 , 444-44-4444 , team2 , customer , newyork , 333-444-5555 , 3467 , team2customer@gmail.com
3241 , 101-77-1905 , Saint , Last , kahlitea , 698-577-0714 , 3468 , lastsaint@gmail.com
3242 , 321-32-3216 , müsteri01 , ad , mystreet 25 , 123-123-4567 , 3469 , xyz@gmail.com
3243 , 771-02-7532 , Money , Father , Test Mahallesi Test Sokak Test Apartman 06100 Alaska , 951-753-1654 , 3470 , money@moneymail.com
3244 , 234-23-2345 , Hacer , Bey , Schäferstraße , 176-132-1447 , 3471 , haceryilmaz0329@gmail.com
3245 , 789-45-6123 , customer , ad , address 1 , 332-332-3321 , 3472 , qwe@gmail.com
3246 , 256-32-2048 , Mehmet , Yoruldu , Test sokak25 , 176-234-1234 , 3473 , ismailcelik0329@gmail.com
3247 , 012-01-1234 , aykut , demir , Deschinger str 22 ,  , 3474 , tasdemiraykut@hotmail.com
3248 , 161-26-2662 , Miya , Liege , rue fleurs 45 - 4000 , 098-837-0383 , 3477 , miya@hotmail.com
3249 , 161-16-1611 , Miya , Liege , rue fleurs 45 - 4000 , 098-837-0383 , 3478 , miya@hotmail.com
3250 , 333-28-4664 , Ali , Smith , A mah. B cad. No:1 66300 Istanbul Sariyer , 123-123-1234 , 3479 , abc12t3e@mail.com
3701 , 222-87-9874 , Abraham , Lincoln , Washington ave.  Washington , 987-235-9856 , 3480 , abcdefg@gmail.com
3702 , 223-87-9874 , Abraham , Lincoln , Washington ave.  Washington , 987-235-9856 , 3481 , abcdefgh@gmail.com
3703 , 123-55-7153 , Kali , Test , gsajgsjga , 123-235-2222 , 3483 , kalitest2001@zmail.com
3704 , 532-35-1883 , Mehmet , Fedai , Rue Eugene Vandenhoff 92 , 532-111-2222 , 3484 , meh123@gmail.com
3705 , 228-09-4789 , 123 , 123 , 123 home , 111-309-3456 , 3485 , 123@c.c
3706 , 464-46-4646 , Tako , Can , Halle , 464-464-4646 , 3486 , takocan@gmail.com
3707 , 760-59-0857 , ziya , inan ,  ,  , 3488 , zyuser1@gmail.com
3708 , 777-77-7777 , Turker , T , D , 111-111-1111 , 3490 , turker04@test.com
3709 , 123-45-6578 , Linda , Bell , 32. Broadway Street , 416-567-4576 , 3491 , lindab@gmail.com
3710 , 156-56-9548 , nuri , duman ,  , 456-956-12356 , 3492 , aliveli@gmail.com
3711 , 123-56-4569 , sdf , sfd ,  ,  , 3493 , same@dfsd.cvd
3712 , 111-11-1106 , globalemployee2 , globalemployee2 , deutschland , 111-111-1111 , 3494 , globalemployee2@gmail.com
3713 , 111-11-1107 , ahmet , ozturk , England , 111-111-1111 , 3495 , ahmetuser@gmail.com
3714 , 111-11-1108 , globalemployee3 , globalemployee3 , germany , 111-111-1111 , 3496 , globalemployee3@gmail.com
3715 , 111-11-1109 , globaladmin2 , globaladmin2 , globaladmin2 , 111-111-1111 , 3498 , globaladmin2@gmail.com
3716 , 107-10-7107 , ishak , Liege , rue fleurs 45 - 4000 , 098-837-0383 , 3499 , ishak@hotmail.com
3717 , 123-24-4455 , Yeliz , Mvk ,  ,  , 3500 , yeliz@gmail.com
3718 , 132-54-7698 , Kadir , Gok , Fairfax , 571-236-2729 , 4051 , kadirgok300@gmail.com
3719 , 321-54-6587 , Kadir , Gok , Fairfax , 571-236-2729 , 4052 , kadirgok300@gmail.com
3720 , 098-09-0987 , musteriRST , musteri , kallari 2 , 123-123-1234 , 4053 , dadascoin54@gmail.com
3721 , 246-80-1214 , tatar , ramazan , finland , 126-890-1214 , 4054 , tataramazan@icloud.com
3722 , 190-19-1907 , Hb , Can , Molndal Sweden , 697-027-9875 , 4055 , globalemployeehb@gmail.com
3723 , 123-12-7456 , fatih , ustunyer , KAZIMIYE SK. NO:8/3 , 555-258-2558 , 4056 , fustunyer1@gmail.com
3724 , 488-25-5235 , Team11 , Admin , Turkey , 111-255-3658 , 4057 , team11admin@gmail.com
3725 , 152-35-2658 , team11 , admin11 , usa , 555-258-5285 , 4058 , team11admin11@gmail.com
3726 , 369-87-4125 , Elif , Demir , 1046 loppkk , 615-512-3245 , 4059 , alifdemirbuga@gmail.com
3727 , 555-66-7777 , Fatih , K?l?ç , Sivas 58600 , 333-333-4444 , 4061 , nereden@gmail.com
3728 , 444-66-7896 , Anna , Buanna , abcd , 564-777-8526 , 4062 , annabuanna@yahoo.com
3729 , 777-66-5555 , recep , ?erdo?an , Ankara Türkiye 06 , 111-222-3333 , 4063 , adanal@gmail.com
3730 , 888-99-7777 , hasan12 , gelgör34 , amsterdam 8561 , 444-666-7777 , 4064 , sanane34@gmail.com
3731 , 888-99-7776 , hasan12 , gelgör34 , amsterdam 8561 , 444-666-7777 , 4065 , sanane34@gmail.com
3732 , 690-56-9877 , Celin , White , 123 Rue de la Milles 45160 Orleans/France , 980-678-4554 , 4066 , celin_45@gmail.com
3733 , 111-22-6666 , 444444 , ?erdo?an , Ankara Türkiye 06 , 111-222-3333 , 4067 , nerede@gmail.com
3734 , 111-22-6660 , 444444 , ?erdo?an , 6779900 , 111-222-3333 , 4068 , nerede@gmail.com
3735 , 690-56-9847 , Celin , White , 123 Rue de la Milles 45160 Orleans/France , 980-678-4554 , 4069 , celin_45@gmail.com
3736 , 555-11-7777 , Burhan , Altintop ,  ,  , 4070 , burhnaltntop@gmail.com
3737 , 444-55-6660 , bayram , can , Edirne 68 , 444-666-7777 , 4071 , nerede67@gmail.com
3738 , 444-55-6667 , bayram , can ,  , 444-666-7777 , 4072 , nerede67@gmail.com
3739 , 444-55-3667 , zafer , nadir , atina ,  , 4073 , nerede67@gmail.com
3740 , 444-55-3665 , zafer , nadir , atina , 444-666-7777 , 4074 , zafer@gmail.com
3741 , 444-55-3668 , zafer , nadir , atina , 444-666-7777 , 4075 , zafer@gmail.com
3742 , 456-11-9876 , Joshua , Green , 1000 main Street  Brooklyn NY 11225 , 646-000-4321 , 4076 , greenjosh@gmail.com
3743 , 222-22-2222 , John , Stone , 1234 Street No 8 City State 70000 , 222-222-2112 , 4077 , 21asd@sda.com
3744 , 222-33-4444 , Admin3 , TechAdmin3 , USA , 333-444-5555 , 4078 , admin3@gmail.com
3745 , 690-56-9817 , Celin , White , 123 Rue de la Milles 45160 Orleans/France , 980-678-4554 , 4079 , celin_45@gmail.com
3746 , 690-56-9117 , Celin , White , 123 Rue de la Milles 45160 Orleans/France , 980-678-4554 , 4080 , celin_45@gmail.com
3747 , 123-12-1357 , Kamile , Yucel , Rochester , 222-222-2222 , 4082 , kamileyucel1@gmail.com
3748 , 156-65-6598 , ali , aksu , 13 gallop lane Somerset NJ USA , 532-123-4567 , 4085 , gmib.team07@gmail.com
3749 , 245-35-5468 , ali , aksu , 13 gallop ln , 198-765-4321 , 4087 , gmib.team07user@gmail.com
3750 , 245-35-5469 , ali , aksu , 13 gallop ln , 198-765-4322 , 4088 , gmib.team07employee@gmail.com
4501 , 245-35-5460 , ali , aksu , 13 gallop ln , 198-765-4323 , 4089 , gmib.team07customer@gmail.com
4502 , 245-65-5867 , ali , aksu , 13 gallop lane , 352-565-2457 , 4090 , gmib.team07manager@gmail.com
4503 , 333-28-4693 , Ali , Smith , A mah. B cad. No:1 66300 Istanbul Sariyer , 123-123-1234 , 4091 , abc12k9h@mail.com
4504 , 123-45-1595 , Adam , John , 1101 ROPER MOUNTAIN RD , 123-456-7890 , 4092 , abc.user@gmail.com
4505 , 123-58-1247 , Adam , John , 1101 ROPER MOUNTAIN RD , 123-456-7891 , 4093 , abc.employee@gmail.com
4506 , 123-58-1249 , Adam , John , 1101 ROPER MOUNTAIN RD , 123-456-7891 , 4094 , abc.manager@gmail.com
4507 , 123-58-1245 , Adam , John , 1101 ROPER MOUNTAIN RD , 123-456-7891 , 4095 , abc.admin@gmail.com
4508 , 123-58-1246 , Adam , John , 1101 ROPER MOUNTAIN RD , 123-456-7891 , 4096 , abc.customer@gmail.com
4509 , 100-10-1000 , group8 , group8 , 6000  Mersey Oaks Way , 000-000-0000 , 4098 , group8manager@gmail.com
4510 , 110-10-1000 , selami , unsal , 6000 Mersey Oaks Way , 000-000-0000 , 4099 , group8employee@gmail.com
4511 , 111-10-1000 , selami , unsal , 6000  Mersey Oaks Way , 000-000-0000 , 4100 , group8user@gmail.com
4512 , 111-11-1000 , selami , unsal , 6000 Mersey Oaks Way , 000-000-0000 , 4601 , group8customer@gmail.com
4513 , 123-58-7896 , John , Doe ,  88 22 Pillows Road Fairfax, VA , 123-245-7825 , 4602 , john@gmail.com
4514 , 644-25-2646 , Necip Fazil , Kisakurek , 26 jane street  No:1 02121 north, CAN , 437-567-3838 , 4603 , fzlhan38@gmail.com
4515 , 111-33-2223 , Linda , Pine , 123 Elm Ave. , 123-456-7788 , 4604 , lindapine@gmail.com
4516 , 123-56-7894 , Ali , Kara , 1212 Spring Road CA , 123-456-1254 , 4606 , ali@gmail.com
5323 , 456-45-7891 , a , b , c ,  , 5176 , x@c.c
4517 , 123-45-7894 , John , Doe , 88 22 Pillows Road Fairfax, VA , 789-456-7878 , 4607 , john@gmail.com
4518 , 123-78-4545 , John , Doe , 88 22 Pillows Road Fairfax, VA ,  123-245-7825 , 4608 , john@gmail.com
4519 , 590-82-4651 , John , Doe ,  , 123-245-7825 , 4609 , john@gmail.com
4520 , 577-62-6526 , John , Doe , 88 22 Pillows Road Fairfax, VA ,  , 4610 , john@gmail.com
4521 , 415-52-4561 , zehra , ozcelik , Niederkleiner Str. 21 , 142-123-1423 , 4611 , ferhatnacioglu@gmail.com
4522 , 123-45-9875 , Team07 , Manager , hfghgfh fhfhf fhfhgf , 876-325-1277 , 4618 , team07manager@kmail.com
4523 , 123-45-9871 , Team07 , Joker , fsdfs fsdfsf fsdfsfs , 876-325-1273 , 4619 , team07joker@kmail.com
4524 , 123-45-9872 , Team07 , Customer , fdsfhfgh hfghf hfhf , 876-325-1274 , 4620 , team07customer@kmail.com
4525 , 123-45-9873 , Team07 , User , fhgf h fhfhgf fhfhfg , 876-325-1275 , 4621 , team07user@kmail.com
4526 , 123-45-9870 , Team07 , Employee , fhgfh hfhf h hfhfhf , 876-325-1276 , 4622 , team07employee@kmail.com
4527 , 123-45-9869 , Team07 , Admin , dasdada , 876-325-1278 , 4623 , team07admin@kmail.com
4528 , 123-22-1456 , zehra , ozcelik , Niederkleiner Str. 21 , 017-713-0555 , 4624 , zehraozcelik14@gmail.com
4529 , 123-25-1525 , team11a , team11b , usa , 555-259-3696 , 4628 , team11customer@gmail.com
4530 , 123-25-2585 , team11aa , team11bb , uas , 444-666-8525 , 4629 , team11user@gmail.com
4531 , 123-12-4584 , Asd , ASd ,  , 111-111-1111 , 4630 , asd@d.com
4532 , 852-58-9632 , team11aaa , team11bbb , sau , 666-852-7854 , 4631 , team11manager@gmail.com
4533 , 787-69-2585 , team11aaaa , team11bbbb , adana , 856-369-8575 , 4632 , team11employee@gmail.com
4534 , 456-45-4562 , asd , asdas ,  , 456-456-4651 , 4633 , asd@g.com
4535 , 589-69-8525 , team11aaaaa , team11bbbbb , ase , 258-963-8574 , 4634 , team11admin@gmail.com
4536 , 616-52-8988 , John , Doe , dgjkjdfkmhkdmnh , 212-212-2121 , 4636 , john@gmail.com
4537 , 122-11-2233 , John , Black , 123 Newton Street , 857-222-1122 , 4637 , admin1122@gmail.com
4538 , 456-14-5874 ,                                     s ,                                         0 ,  , aSdfasfdQAEGFWTergwrwrghs0-0-0-0-0-0-000123-020-123300000000000000000000000000000000000000000000000000000000000000000000000000000 , 4638 , a@b.c
4539 , 275-67-3244 , ORHAN , DEMIRCI , 9 LINCOLN ST , 407-404-9579 , 4640 , demirci_orhan@outlook.com
4540 , 123-24-4567 , Linda , Bell , 32. Broadway Street , 918-647-4567 , 4641 , lindabell@gmail.com
4541 , 158-13-1255 , Fyalcin , yalcin , 152 sproul rd , 222-222-2222 , 4642 , fatih721@gmail.com
4542 , 123-45-6782 , User99 , User , hatayli caddesi antakya mahallesi no 47 , 533-455-2338 , 4643 , asaasasa@gmail.com
4543 , 123-45-6189 , selmaqx , ozturkws , hatayli caddesi antakya mahallesi 34 , 633-455-2331 , 4644 , asasqwawqwqwqasa@gmail.com
4544 , 223-45-6189 , selmaqxs , ozturkwsf , hatayli caddesi antakya mahallesi 342 , 633-455-2321 , 4645 , asasqwawqwqwqasa@gmail.com
4545 , 223-45-1189 , selmaqxas , ozturkwsfa , hatayli caddesi antakya mahallesi 3423 ,  , 4646 , asasqwawqwqwqasa@gmail.com
4546 , 147-25-5245 , ornek , ornek , ksla , 456-789-5202 , 4647 , abc@gmail.com
4547 , 123-54-1928 , Linda , Pine , 321 Elm Ave , 217-321-4567 , 4648 , lindapine@gmail.com
4548 , 123-54-1929 , Linda , Pine , 321 Elm Ave , 217-321-4567 , 4649 , lindapine@gmail.com
4549 , 111-33-2224 , Linda , Pine , 123 Elm Ave. , 111-222-3456 , 4650 , linda.p@gmail.com
4550 , 555-55-5555 , zehra , osmanogullari2 , nahestrase32 , 555-888-6666 , 5152 , zehraozcelik14@gmail.com
5301 , 123-09-7890 , Busra , Rumi , 8 rue pierre corneille , 234-456-1234 , 5153 , buri-57@yandex.com
5302 , 123-09-7896 , Busra , Rumi , 8 rue pierre corneille , 234-456-1234 , 5154 , buri-57@yandex.com
5303 , 123-09-7893 , Busra , Rumi , 8 rue pierre corneille , 234-456-1234 , 5155 , buri-57@yandex.com
5304 , 690-55-9877 , Celin , White , 123 Rue de la Milles 45160 Orleans/France , 980-678-4554 , 5156 , celin_45@gmail.com
5305 , 123-45-5678 , MAHMUT , GREEN , 16 W CAMPBELL ROAD , 474-837-3832 , 5158 , greenlightglobal.glg@gmail.com
5306 , 123-45-6790 , MEHMET , YESILMEN , 1 W CAMPBELL ROAD , 987-345-2312 , 5159 , greenlightglobal.glg@gmail.com
5307 , 321-54-9876 , K , Y , Orlando , 123-456-7890 , 5160 , k@gmail.com
5308 , 123-55-4356 , suada , hoxha , texas , 254-346-7654 , 5161 , suadahxh1@gmail.com
5309 , 650-39-5438 , SHAMS , IMAN , 7654  Reserve Road , 443-345-5678 , 5162 , imanli.shams@gmail.com
5310 , 454-72-6392 , Hasan , Fas , 3456 Reserve Road , 443-556-3424 , 5163 , imanli.shams@gmail.com
5311 , 333-33-4453 , heygidi , gunler , earth , 234-345-7645 , 5164 , heygidigunler@gmail.com
5312 , 123-45-3423 , heygidi , gunler , earth , 000-172-1234 , 5165 , heygidigunler1@gmail.com
5313 , 234-12-3434 , wer , sed ,  , 111-111-1111 , 5166 , hrdhbsh@gmail.com
5314 , 111-22-2222 , bbb , ccc , leigh , 222-222-3333 , 5167 , ccc@gmail.com
5315 , 158-13-1256 , yakamoz , gucen , mill creek WA , 222-222-2222 , 5168 , gucen09@gmail.com
5316 , 333-28-4827 , Ali , Smith , A mah. B cad. No:1 66300 Istanbul Sariyer , 123-123-1234 , 5169 , abc12844@mail.com
5317 , 239-34-4459 , ahmet , green , 1 W CAMPBELL ROAD , 469-984-6464 , 5170 , mehmetyesilmen02@gmail.com
5318 , 321-19-1314 , team11 , team11 , 11 team st ,  , 5171 , forthereports@gmail.com
5319 , 543-44-9808 , rose , kaya , 23st Street , 656-555-7788 , 5172 , rosecnskaya@gmail.com
5320 , 234-56-6789 , 678 , 678 , h ,  , 5173 , b@a.c
5321 , 659-45-5555 , musteri41 , user , Street 114 112000 DC , 678-890-4555 , 5174 , musteri41@gmail.com
5322 , 456-45-7890 , a , b , c ,  , 5175 , x@c.c
5324 , 456-45-7892 , a , b , c ,  , 5177 , x@c.c
5325 , 555-45-4567 , username , lastname , address , 465-465-4567 , 5178 , costumer@g.com
5326 , 333-28-4504 , Ali , Smith , A mah. B cad. No:1 66300 Istanbul Sariyer , 123-123-1234 , 5179 , abc12pkk@mail.com
5327 , 564-65-6544 , customer , lastname , address , 456-789-1234 , 5180 , a@g.com
5328 , 456-12-7856 , ALPEREN , BASTUG , P?narba?? mahallesi 700.street , 555-555-5555 , 5181 , alperenbstg@gmail.com
5329 , 258-45-6789 , semih , dar , kartal yandere 38 , 536-124-3698 , 5182 , kr2010@gmail.com
5330 , 426-12-7836 , ALPEREN , BASTUG , P?narba?? mahallesi 700.street , 555-555-5555 , 5183 , alperenbstg45@gmail.com
5331 , 321-45-6789 , ALI , CAN , PINARBASI MAH. 700. STREET , 444-444-4444 , 5184 , alican@gmail.com
5332 , 426-12-7839 , ALPEREN EREN , BASTUG , P?narba?? mahallesi 700.street , 555-555-5555 , 5185 , alperenbstg45@gmail.com
5333 , 426-12-7879 , ALPEREN45 , BASTUG , P?narba?? mahallesi 700.street , 555-555-5555 , 5186 , alperenbstg45@gmail.com
5334 , 426-12-7679 , ALPEREN^+ , BASTUG , P?narba?? mahallesi 700.street , 555-555-5555 , 5187 , alperenbstg45@gmail.com
5335 , 426-15-7679 , ALPEREN^+ , BASTUG , P?narba?? mahallesi 700.street , 555-555-5555 , 5188 , alperenbstg45@gmail.com
5336 , 426-75-7679 , ALPEREN , BASTUG AL , P?narba?? mahallesi 700.street , 555-555-5555 , 5189 , alperenbstg45@gmail.com
5337 , 476-75-7679 , ALPEREN , BASTUG AL , PINARBASI , 555-555-5555 , 5190 , alperenbstg45@gmail.com
5338 , 479-75-7679 , ALPEREN , BASTUG AL , %%%%%% , 555-555-5555 , 5191 , alperenbstg45@gmail.com
5339 , 489-75-7679 , ALPEREN al , BASTUG AL , %%%%%% , 555-555-5555 , 5192 , alperenbstg@gmail.com
5340 , 489-75-7677 , ALPEREN al , BASTUG AL , %%%%%% , 555-555-555554545121 , 5193 , alperenbstg@gmail.com
5341 , 687-46-2458 , ibrahim , sever , 201 date  , 469-835-5672 , 5194 , iakgobek27@gmail.com
5342 , 888-55-3333 , david , aparis , weidigweg , 900-232-3423 , 5196 , abc123@gmail.com
5343 , 123-44-6666 , team5 , Team5 , team5 st. , 222-444-5555 , 5197 , team5@gamil.com
5344 , 321-54-4321 , TEAM5 , TEAM5 , TEAM5 st , 555-333-9999 , 5198 , test2@gmail.com
5345 , 789-45-1231 , aaa , bbb , usa , 123-123-1212 , 5199 , a@gmail.com
5346 , 265-32-4532 , can1 , can1 , can st. , 321-321-4321 , 5200 , can@gmail.com
5347 , 432-43-4321 , can2 , can2 , can2 st , 543-543-4321 , 6001 , can2@gmail.com
5348 , 123-45-4569 , Elif , Demirbuga , 1046 village rd , 615-512-9778 , 6002 , elifarslan79@gmail.com
5349 , 690-45-9877 , Celin , White , 123 Rue de la Milles 45160 Orleans/France , 980-678-4554 , 6003 , celin_45@gmail.com
5350 , 670-45-9877 , Celin , White , 123 Rue de la Milles 45160 Orleans/France , 980-678-4554 , 6005 , celin_45@gmail.com
6201 , 123-58-3698 , Elif , Dem , 1046 cedar , 615-512-9725 , 6008 , arbuga@gmail.com
6202 , 222-11-3322 , john , smith , 8080 winter circle Alpharetta 30011 , 780-232-2222 , 6009 , jsmith@gmail.com
6203 , 378-88-1000 , marry , alice , 2021 summer circle , 330-345-6789 , 6010 , alice@gmail.com
6204 , 567-90-3456 , 123 , 456 , 2000 , 210-200-2000 , 6011 , 123@yahoo.com
6205 , 899-11-2341 , jim , co , 101 Cumming 30040 , 999-999-9999 , 6012 , jimco@gmail.com
6206 , 799-11-2341 , jim , co , 101 Cumming 30040 , 999-999-9999 , 6013 , jimco@gmail.com
6207 , 699-11-2341 , jim , co , 101 Cumming 30040 , 999-999-9999 , 6014 , jimco@gmail.com
6208 , 599-11-2341 , jim , co , 101 Cumming 30040 , 999-999-9999 , 6015 , jimco@gmail.com
6209 , 122-11-3322 , john , smith , 8080 winter circle Alpharetta 30011 , 780-232-2222 , 6016 , jsmith@gmail.com
6210 , 278-88-1000 , marry , alice , 2021 summer circle , 330-345-6789 , 6017 , alice@gmail.com
6211 , 111-12-1111 , a , b , Time Square , 000-000-0000 , 6018 , a@hotmail.com
6212 , 667-90-3456 , 123 , 456 , 2000 , 210-200-2000 , 6019 , 123@yahoo.com
6213 , 199-12-2341 , jim , co , 101 Cumming 30040 , 999-999-9999 , 6020 , jimco@gmail.com
6214 , 299-12-2341 , jim , co , 101 Cumming 30040 , 999-999-9999 , 6021 , jimco@gmail.com
6215 , 399-12-2341 , jim , co , 101 Cumming 30040 , 999-999-9999 , 6022 , jimco@gmail.com
6216 , 120-11-3322 , john , smith , 8080 winter circle Alpharetta 30011 , 780-232-2222 , 6023 , jsmith@gmail.com
6217 , 277-88-1000 , marry , alice , 2021 summer circle , 330-345-6789 , 6024 , alice@gmail.com
6218 , 111-10-1111 , a , b , Time Square , 000-000-0000 , 6025 , a@hotmail.com
6219 , 667-91-3456 , 123 , 456 , 2000 , 210-200-2000 , 6026 , 123@yahoo.com
6220 , 121-11-3322 , john , smith , 8080 winter circle Alpharetta 30011 , 780-232-2222 , 6027 , jsmith@gmail.com
6221 , 111-13-1111 , a , b , Time Square , 000-000-0000 , 6028 , a@hotmail.com
6222 , 627-91-3456 , 123 , 456 , 2000 , 210-200-2000 , 6029 , 123@yahoo.com
6223 , 067-01-5032 , stan , moore , 9084 Batz Pine , 590-780-4546 , 6030 , leigh.bednar@yahoo.com
6224 , 121-11-3324 , john , smith , 8080 winter circle Alpharetta 30011 , 780-232-2222 , 6031 , jsmith@gmail.com
6225 , 121-11-3124 , john , smith , 8080 winter circle Alpharetta 30011 , 780-232-2222 , 6032 , jsmith@gmail.com
6226 , 121-11-0956 , john , smith , 8080 winter circle Alpharetta 30011 , 780-232-2222 , 6033 , jsmith@gmail.com
6227 , 121-11-0956 , john , smith , 8080 winter circle Alpharetta 30011 , 780-232-2222 , 6034 , jsmith@gmail.com
6228 , 532-35-1884 , Mehmet Fe , Ocak , Rue eugene Vandenhoff 92 , 532-111-2222 , 6035 , meh1234@gmail.com
6229 , 690-45-4681 , Celin , White , 123 Rue de la Milles 45160 Orleans/France , 980-678-4554 , 6036 , celin_45@gmail.com
6230 , 690-45-3228 , Celin , White , 123 Rue de la Milles 45160 Orleans/France , 980-678-4554 , 6037 , celin_45@gmail.com
6231 , 111-33-2228 , Linda , Pine , 123 Elm Ave. , 111-222-3456 , 6038 , linda.p@gmail.com
6232 , 758-87-8899 , Amy , Demir , 1 st street  Haledon , 201-456-0477 , 6039 , cnst123@gmail.com
6233 , 121-52-2585 , Team11 , Admin , usa , 555-258-2558 , 6040 , fatihustunyer@yahoo.com
6234 , 123-47-2476 , Team5 , Customer , Germany , 345-231-5675 , 6041 , team5customer@gmail.com
6235 , 250-21-9850 , Ysmni , Ayyildiz , 61st Street Trabzon 61061 , 061-061-6161 , 6042 , ysmni@ayyildiz.com
6236 , 111-11-1115 , Test , Test , Test , 111-111-1111 , 6043 , testaccount@gmail.com
6237 , 111-11-1116 , Test , Test , Test , 111-111-1111 , 6044 , testaccount@gmail.com
6238 , 111-11-1117 , Test , Test , Test , 111-111-1111 , 6045 , testaccount@gmail.com
6239 , 111-11-1118 , Test , Test , Test , 111-111-1111 , 6046 , testaccount@gmail.com
6240 , 334-45-5678 , Osman , Teamtenn , 1524 W Hwy-10 , 234-567-8901 , 6047 , abz@gmail.com
6241 , 567-87-1125 , Calisan , demir , 3647 dkdk , 615-258-5612 , 6048 , sdd@gmail.com
6242 , 567-14-5647 , musterielif , demir , kjk 45 , 658-455-6987 , 6049 , hdhd@gmai.com
6243 , 333-28-4312 , Ali , Smith , A mah. B cad. No:1 66300 Istanbul Sariyer , 123-123-1234 , 6050 , abc12gzt@mail.com
6244 , 333-28-4191 , Ali , Smith , A mah. B cad. No:1 66300 Istanbul Sariyer , 123-123-1234 , 6801 , abc12yno@mail.com
6245 , 333-28-4108 , Ali , Smith , A mah. B cad. No:1 66300 Istanbul Sariyer , 123-123-1234 , 6802 , abc12hap@mail.com
6246 , 158-99-4567 , denis , bee , 1213 green river st, US , 206-536-7575 , 6803 , denis@gmail.com
6247 , 147-12-1212 , John , Smith , 12 Spring Road , 123-124-1212 , 6804 , john12@gmail.com
6248 , 147-12-1213 , John , Smith , 12 Spring Road , 123-124-1212 , 6805 , john124@gmail.com
6249 , 123-09-1245 , abc , abc , 35 Market Street , 122-111-1111 , 6806 , abc1234@gmail.com
6250 , 123-09-1246 , abc , abc , 35 Market Street , 122-111-1111 , 6807 , ab1238@gmail.com
6951 , 123-09-1247 , abc , abc , 35 Market Street , 122-111-1111 , 6808 , ab1245@gmail.com
6952 , 123-09-1248 , abc , abc , 35 Market Street , 122-111-1111 , 6809 , ab1244@gmail.com
6953 , 123-09-1249 , abc , abc , 35 Market Street , 122-111-1111 , 6810 , ab1245@gmail.com
6954 , 123-09-1241 , abc , abc , 35 Market Street , 122-111-1111 , 6811 , ab124@gmail.com
6955 , 123-78-1230 , aaa , bbb , oiuhuih , 123-123-1212 , 6812 , a12@gmail.com
6956 , 123-78-1231 , aaa , bbb , oiuhuih , 123-123-1212 , 6813 , a13@gmail.com
6957 , 123-78-1232 , aaa , bbb , oiuhuih , 123-123-1212 , 6814 , a13@gmail.com
6958 , 123-78-1233 , aaa , bbb , oiuhuih , 123-123-1212 , 6815 , a13@gmail.com
6959 , 123-78-1234 , aaa , bbb , oiuhuih , 123-123-1212 , 6816 , a13@gmail.com
6960 , 123-78-1235 , aaa , bbb , oiuhuih , 123-123-1212 , 6817 , a13@gmail.com
6961 , 456-45-2363 , MTC01 , MTC01 last , Adresim , 111-222-3333 , 6818 , mtc0101@gmail.com
6962 , 111-22-5555 , John , Smith , 108-190 Moraga Ave, Oakland, CA 94611, USA , 123-333-4444 , 6819 , global.userus01tc01@gmail.com
6963 , 333-28-4491 , Ali , Smith , A mah. B cad. No:1 66300 Istanbul Sariyer , 123-123-1234 , 6820 , abc12ey4@mail.com
6964 , 111-22-6667 , John , Smith , 108-190 Moraga Ave, Oakland, CA 94611, USA , 123-333-4444 , 6821 , global.userus01tc02@gmail.com
6965 , 123-45-5787 , Yunus Emre , KAYA , Kirchheim unter Teck , 345-231-5675 , 6822 , deu.av.yunusemre@gmail.com
6966 , 123-45-5783 , Yunus Emre , KAYA , Kirchheim unter Teck , 345-231-5675 , 6823 , deu.av.yunusemre@gmail.com
6967 , 111-22-6669 , John , Smith , 108-190 Moraga Ave, Oakland, CA 94611, USA , 123-333-4444 , 6824 , global.userus01tc02@gmail.com
6968 , 111-22-6661 , John , Smith , 108-190 Moraga Ave, Oakland, CA 94611, USA , 123-333-4444 , 6825 , global.userus01tc03@gmail.com
6969 , 456-78-9012 , Osman , Teamtennn , 1269 N Main Street , 569-789-1254 , 6826 , aby@yahoo.com
6970 , 111-22-6662 , John , Smith , 108-190 Moraga Ave, Oakland, CA 94611, USA , 123-333-4444 , 6827 , global.userus01tc04@gmail.com
6971 , 789-01-2349 , Osman , Teamtennnn , 4587 E Corporate Dr , 963-852-7412 , 6828 , abt@hotmail.com
6972 , 852-36-7894 , Osman , Teamtennnnn , 965 Miami Beach Way , 159-753-4562 , 6829 , abx@gmail.com
6973 , 123-89-7894 , ;l,l[;,l, , l,;, ,  ,  , 6830 , ab@gmail.com
6974 , 123-89-7895 , ;l,l[;,l, , l,;, ,  ,  , 6831 , ab@gmail.com
6975 , 365-52-6547 , customer2 , Demir , 1046 cedar , 615-453-2349 , 6832 , uga@gmail.com
6976 , 215-33-8856 , berat , oz , plano , 214-505-0000 , 6833 , boz@gmail.com
6977 , 123-34-6578 , John , Smith , 123 Spring Road , 147-123-1111 , 6834 , john101@gmail.com
6978 , 690-45-0088 , Celin , White , 123 Rue de la Milles 45160 Orleans/France , 980-678-4554 , 6835 , celin_45@gmail.com
6979 , 123-12-9803 , wendy , john , qwe , 213-231-4567 , 6841 , wendyjohn@gmai.com
6980 , 453-12-4567 , Ayse , Demir , 12 column way , 571-231-1312 , 6842 , aysedemir@gmail.com
6981 , 453-12-4573 , Ayse , Demir , 12 column way , 571-231-1982 , 6843 , aysedemir@gmail.com
6982 , 453-12-7873 , Ayse , Demir , 12 column way , 171-231-1982 , 6844 , aysedemir@gmail.com
6983 , 873-12-7873 , Ayse , Demir , 12 column way , 172-231-1982 , 6845 , aysedemir@gmail.com
6984 , 532-45-1372 , dssdfsf , fsfsf , fsdfs sfsfdsfs , 777-210-4501 , 6846 , deneme001@kmail.com
6985 , 568-25-1236 , custmr3 , cccc , aaaa , 658-123-6589 , 6847 , cs@gmail.com
6986 , 111-22-6663 , John , Smith , 108-190 Moraga Ave, Oakland, CA 94611, USA , 123-333-4444 , 6848 , global.userus01tc04@gmail.com
6987 , 111-22-6671 , John , Smith , 108-190 Moraga Ave, Oakland, CA 94611, USA , 123-333-4444 , 6849 , global.userus01tc04@gmail.com
6988 , 123-45-4567 , nesibe , ka , adres , 444-444-4444 , 6850 , employee99@gmail.com
6989 , 545-56-5656 , EFKAN , SATIN , Çankaya Mah. 6450. Sok. Defne Sit. K Blok D.4 , 553-890-4393 , 7601 , efknstn@gmail.com
6990 , 333-28-4549 , Ali , Smith , A mah. B cad. No:1 66300 Istanbul Sariyer , 123-123-1234 , 7602 , abc12cjt@mail.com
6991 , 222-28-4348 , Ali , Smith , A mah. B cad. No:1 66300 Istanbul Sariyer , 123-123-1234 , 7603 , abc122858@mail.com
6992 , 222-28-4990 , Ali , Smith , A mah. B cad. No:1 66300 Istanbul Sariyer , 123-123-1234 , 7605 , abc122afh@mail.com
6993 , 278-88-1001 , marry , alice , 2021 summer circle , 330-345-6789 , 7606 , alice@gmail.com
6994 , 111-14-1111 , a , b , Time Square , 000-000-0000 , 7607 , a@hotmail.com
6995 , 627-91-3459 , 123 , 456 , 2000 , 210-200-2000 , 7608 , 123@yahoo.com
6996 , 235-23-2235 , Potansiyel , Customer , Kirchheimer strasse 12 , 984-324-6567 , 7609 , pot.customer@gmail.com
6997 , 873-12-1543 , Ayse , Demir , 12 column way , 172-912-1982 , 7610 , aysedemir@gmail.com
6998 , 873-12-6153 , Ayse , Demir , 12 column way , 172-912-1982 , 7611 , aysedemir@gmail.com
6999 , 690-45-5300 , a , b , c , 980-678-4554 , 7612 , celi@gmail.com
7000 , 333-28-4730 , Ali , Smith , A mah. B cad. No:1 66300 Istanbul Sariyer , 123-123-1234 , 7613 , abc12hph@mail.com
7801 , 234-23-5367 , Ali , ?ahin , Hochdorfer strasse 23 , 435-235-4357 , 7614 , ali_sahin@gmail.com
7802 , 234-23-6473 , Ali , ?ahin , Hochdorfer strasse 23 , 234-234-2356 , 7615 , ali_sahin@gmail.com
7803 , 222-34-2222 , ali , veli , 600 Mersey Oaks Way , 111-456-9999 , 7616 , group8@kmail.com
7804 , 121-56-0956 , john , smith , 8080 winter circle Alpharetta 30011 , 780-232-2222 , 7617 , jsmith@gmail.com
7805 , 121-59-0956 , john , smith , 8080 winter circle Alpharetta 30011 , 780-232-2222 , 7618 , jsmith@gmail.com
7806 , 121-59-0906 , john , smith , 8080 winter circle Alpharetta 30011 , 780-232-2222 , 7619 , jsmith@gmail.com
7807 , 121-59-1106 , john , smith , 8080 winter circle Alpharetta 30011 , 780-232-2222 , 7620 , jsmith@gmail.com
7808 , 765-43-2012 , sevinc  , durali , 5 th Street Bethlehem , 551-334-3334 , 7621 , sarkhangasimov90@gmail.com
7809 , 107-44-0777 , yusuf , yusuf , liege , 098-837-0383 , 7622 , yusuf@gmail.com
7810 , 393-45-5678 , newUser , lastbatch , Milky way , 456-679-5588 , 7623 , kalin54@gmail.com
7811 , 463-21-4785 , el10 , dmr , 2390 mmk , 615-512-9734 , 7624 , akk@gmail.com
7812 , 333-28-4235 , Ali , Smith , A mah. B cad. No:1 66300 Istanbul Sariyer , 123-123-1234 , 7625 , abc122rv@mail.com
7813 , 333-45-2345 , Ben , Student , Long Island , 689-345-2354 , 7626 , stakeholder@gmail.com
7814 , 333-28-4779 , Ali , Smith , A mah. B cad. No:1 66300 Istanbul Sariyer , 123-123-1234 , 7627 , abc12uc9@mail.com
7815 , 111-22-6642 , John , Smith , 108-190 Moraga Ave, Oakland, CA 94611, USA , 123-333-4444 , 7628 , global.userus01tc04@gmail.com
7816 , 111-22-6632 , John , Smith , 108-190 Moraga Ave, Oakland, CA 94611, USA , 123-333-4444 , 7629 , global.userus01tc04@gmail.com
7817 , 111-22-6631 , John , Smith , 108-190 Moraga Ave, Oakland, CA 94611, USA , 123-333-4444 , 7630 , global.userus01tc04@gmail.com
7818 , 111-22-6630 , John , Smith , 108-190 Moraga Ave, Oakland, CA 94611, USA , 123-333-4444 , 7631 , global.userus01tc04@gmail.com
7819 , 111-22-6602 , John , Smith , 108-190 Moraga Ave, Oakland, CA 94611, USA , 123-333-4444 , 7632 , global.userus01tc04@gmail.com
7820 , 111-22-6502 , John , Smith , 108-190 Moraga Ave, Oakland, CA 94611, USA , 123-333-4444 , 7633 , global.userus01tc04@gmail.com
7821 , 873-12-6187 , Ayse , Demir , 12 column way , 172-912-1982 , 7634 , aysedemir@gmail.com
7822 , 333-28-4625 , Ali , Smith , A mah. B cad. No:1 66300 Istanbul Sariyer , 123-123-1234 , 7635 , abc12uny@mail.com
7823 , 333-28-4165 , Ali , Smith , A mah. B cad. No:1 66300 Istanbul Sariyer , 123-123-1234 , 7636 , abc12dza@mail.com
7824 , 111-22-9123 , John , Smith , 108-190 Moraga Ave, Oakland, CA 94611, USA , 123-333-4444 , 7637 , global.userus01tc04@gmail.com
7825 , 111-22-9223 , John , Smith , 108-190 Moraga Ave, Oakland, CA 94611, USA , 123-333-4444 , 7638 , global.userus01tc04@gmail.com
7826 , 111-11-3333 , ali , can , sdsdsd , 111-111-1111 , 7639 , alicann@gmail.com
7827 , 873-12-6534 , Ayse , Demir , 12 column way , 197-912-1982 , 7640 , ayse@gmail.com
7828 , 665-45-6789 , abdullah , kul , blume street 45 89600 DC  , 678-890-4557 , 7641 , kul@gmail.com
7829 , 665-45-6788 , abdullah , kul , blume street 45 89600 DC  , 678-890-4557 , 7642 , kul@gmail.com
7830 , 665-45-6777 , abdullah , kull , blume street 45 89600 DC  , 678-890-4557 , 7643 , kul@gmail.com
7831 , 111-22-8243 , John , Smith , 108-190 Moraga Ave, Oakland, CA 94611, USA , 123-333-4444 , 7644 , global.userus01tc04@gmail.com
7832 , 725-22-8154 , John , Smith , 108-190 Moraga Ave, Oakland, CA 94611, USA , 123-333-4444 , 7645 , global.userus01tc04@gmail.com
7833 , 567-88-3657 , abdullah , kul , deneme street 67800 , 055-555-5555 , 7646 , kul@gmail.com
7834 , 193-12-1314 , second11 , second11 , 11 st , 123-456-7899 , 7647 , team11employeee@gmail.com
7835 , 111-99-3456 , b , c , a , 770-000-1010 , 7648 , ali@g.com
7836 , 111-99-3455 , b , c , a , 770-000-1010 , 7649 , ali@g.com
7837 , 111-99-3453 , b , c , a , 770-000-1010 , 7650 , ali@g.com
7838 , 787-87-8787 , myname , mylastname , st 1 , 787-878-7878 , 8851 , hasemployee@gmail.com
7839 , 111-99-3452 , b , c , a , 770-000-1010 , 8852 , ali@g.com
7840 , 111-99-3451 , b , c , a , 770-000-1010 , 8853 , ali@g.com
7841 , 111-99-3459 , b , c , a , 770-000-1010 , 8854 , ali@g.com
7842 , 300-11-0956 , john , smith , 8080 winter circle Alpharetta 30011 , 780-232-2222 , 8855 , jsmith@gmail.com
7843 , 111-99-3450 , b , c , a , 770-000-1010 , 8856 , ali@g.com
7844 , 123-23-3456 , 123-45-7892 , Johnson , 53 Milky way Rd No:12 02121 Davis, CA , 501-454-2121 , 8857 , usertest@gmail.com
7845 , 678-05-9478 , Edda , Von , 39839 Hegmann Corner, New Bretshire, PA 54337 , 664-919-7370 , 8858 , corina.legros@gmail.com
7846 , 534-90-5777 , Tristan , Heaney , Apt. 333 452 Kirlin Wall, Ritchieberg, WV 96980 , 123-789-1313 , 8859 , chrissy.larson@yahoo.com
7847 , 444-23-3417 , John , Smith , 108-190 Moraga Ave, Oakland, CA 94611, USA , 123-333-4444 , 8860 , global.userus01tc04@gmail.com
7848 , 372-10-3721 , Jopeph , Demir , a , 123-123-4567 , 8862 , jd@jdk.com
7849 , 126-92-2222 , Joseph , Demir , w , 123-123-4567 , 8863 , jd@jd.com
7850 , 333-28-4726 , Ali , Smith , A mah. B cad. No:1 66300 Istanbul Sariyer , 123-123-1234 , 8864 , abc125ne@mail.com
9101 , 333-28-4416 , Ali , Smith , A mah. B cad. No:1 66300 Istanbul Sariyer , 123-123-1234 , 8865 , abc129sz@mail.com
9102 , 333-28-4529 , Ali , Smith , A mah. B cad. No:1 66300 Istanbul Sariyer , 123-123-1234 , 8866 , abc12zyx@mail.com
9103 , 855-89-8202 , Jodee , Turcotte , 3613 Sipes Glen, East Jerilyn, NM 23687-5387 , 123-789-1313 , 8867 , levi.powlowski@hotmail.com
9104 , 683-92-2362 , Sook , Keebler , 5650 Karey Corner, Port Dorieborough, ME 89854 , 123-789-1313 , 8868 , jewel.wolf@gmail.com
9105 , 345-67-7890 , rrt5y , 43rterty , wfgh , 444-555-6666 , 8869 , demi@outlook.com
9106 , 456-89-0098 , we , qwe , s , 666-344-9876 , 8870 , qqwe@outlook.com
9107 , 567-34-2345 , er , ewr , rerty , 000-789-9987 , 8871 , ldjfhfh@outlook.com
9108 , 235-22-6750 , John , Apple , 428 Los Altos Way, Altamonte Springs, FL, 32714 , 407-456-3215 , 8872 , dem_orhan@outlook.com
9109 , 555-22-6750 , John , Apple , 428 Los Altos Way, Altamonte Springs, FL, 32714 , 407-456-3215 , 8873 , kkkyyy@outlook.com
9110 , 789-22-6750 , John , Apple , 428 Los Altos Way, Altamonte Springs, FL, 32714 , 407-456-3215 , 8874 , yyykk@outlook.com
9111 , 345-66-2345 , wqqewerrg , weefrddtf , qwdsdfg , 789-564-2233 , 8875 , gao@outlook.com
9112 , 873-12-6867 , Ayse , Demir , 12 column way , 197-912-2314 , 8876 , aysede@gmail.com
9113 , 121-11-0056 , john , smith , 8080 winter circle Alpharetta 30011 , 780-232-2222 , 8877 , jsmith@gmail.com
9114 , 121-11-1906 , john , smith , 8080 winter circle Alpharetta 30011 , 780-232-2222 , 8878 , jsmith@gmail.com
9115 , 121-11-1905 , john , smith , 8080 winter circle Alpharetta 30011 , 780-232-2222 , 8879 , jsmith@gmail.com
9116 , 121-11-1990 , john , smith , 8080 winter circle Alpharetta 30011 , 780-232-2222 , 8880 , jsmith@gmail.com
9117 , 121-11-1992 , john , smith , 8080 winter circle Alpharetta 30011 , 780-232-2222 , 8881 , jsmith@gmail.com
9118 , 121-11-1902 , john , smith , 8080 winter circle Alpharetta 30011 , 780-232-2222 , 8882 , jsmith@gmail.com
9119 , 121-11-0006 , john , smith , 8080 winter circle Alpharetta 30011 , 780-232-2222 , 8883 , jsmith@gmail.com
9120 , 121-11-0004 , john , smith , 8080 winter circle Alpharetta 30011 , 780-232-2222 , 8884 , jsmith@gmail.com
9121 , 121-11-0004 , john , smith , 8080 winter circle Alpharetta 30011 , 780-232-2222 , 8885 , jsmith@gmail.com
9122 , 278-80-1003 , marry , alice , 2021 summer circle , 330-345-6789 , 8886 , alice@gmail.com
9123 , 111-99-1111 , a , b , Time Square , 000-000-0000 , 8887 , a@hotmail.com
9124 , 627-99-3440 , 123 , 456 , 2000 , 210-200-2000 , 8888 , 123@yahoo.com
9125 , 333-28-4994 , Ali , Smith , A mah. B cad. No:1 66300 Istanbul Sariyer , 123-123-1234 , 8889 , abc12b6a@mail.com
9126 , 333-28-4258 , Ali , Smith , A mah. B cad. No:1 66300 Istanbul Sariyer , 123-123-1234 , 8890 , abc123xr@mail.com
9127 , 333-28-4894 , Ali , Smith , A mah. B cad. No:1 66300 Istanbul Sariyer , 123-123-1234 , 8891 , abc12c7d@mail.com
9128 , 098-68-1985 , Sam , Smith , 907 Sumter Crest Dr , 919-789-2425 , 8892 , ssmith_67@gmail.com
9129 , 234-45-6789 , 435 , 4354t5y , eresdfg , 123-457-6789 , 8893 , demrc@outlook.com
9130 , 644-45-1245 , Markus , Markus , 123 acorn street , 123-123-1234 , 8894 , markus@gmail.com
9131 , 234-56-7865 , hbdvn , hjkl , hjkl , 333-456-3423 , 8895 , jhddhdhd@outlook.com
9132 , 234-56-6754 , sdf , wraetrdtf , waesrdgftgyv , 444-555-75647 , 8896 , qweert@outlook.com
9133 , 123-53-7666 , dfghj , fghj , fghj , 543-654-8976 , 8897 , dfghj@outlook.com
9134 , 456-22-6750 , John , Apple , 428 Los Altos Way, Altamonte Springs, FL, 32714 , 407-456-3215 , 8898 , ghj@outlook.com
9135 , 671-22-6750 , John , Apple , 428 Los Altos Way, Altamonte Springs, FL, 32714 , 407-456-3215 , 8899 , klghj@outlook.com
9136 , 371-22-6750 , John , Apple , 428 Los Altos Way, Altamonte Springs, FL, 32714 , 407-456-3215 , 8900 , dfgfklghj@outlook.com
9137 , 171-22-6750 , John , Apple , 428 Los Altos Way, Altamonte Springs, FL, 32714 , 407-456-3215 , 10101 , werdfgfklghj@outlook.com
9138 , 171-45-6350 , John , Apple , 428 Los Altos Way, Altamonte Springs, FL, 32714 , 407-456-3215 , 10102 , yyrt@outlook.com
9139 , 333-28-4363 , Ali , Smith , A mah. B cad. No:1 66300 Istanbul Sariyer , 123-123-1234 , 10103 , abc1220r@mail.com
9140 , 333-28-4034 , Ali , Smith , A mah. B cad. No:1 66300 Istanbul Sariyer , 123-123-1234 , 10104 , abc12kck@mail.com
9141 , 333-28-4409 , Ali , Smith , A mah. B cad. No:1 66300 Istanbul Sariyer , 123-123-1234 , 10105 , abc12h7r@mail.com
9142 , 333-28-4931 , Ali , Smith , A mah. B cad. No:1 66300 Istanbul Sariyer , 123-123-1234 , 10106 , abc128pc@mail.com
9143 , 547-52-1456 , employeeteam4 , team4employee , Registration Address , 456-123-9874 , 10107 , a@net.com
9144 , 124-56-6768 , ziya , in , 546 line ,  , 10109 , emp2@gmail.com
9145 , 333-28-4167 , Ali , Smith , A mah. B cad. No:1 66300 Istanbul Sariyer , 123-123-1234 , 10110 , abc129bn@mail.com
9146 , 333-28-4128 , Ali , Smith , A mah. B cad. No:1 66300 Istanbul Sariyer , 123-123-1234 , 10111 , abc12gcl@mail.com
9147 , 851-75-1598 , batman , employee , Test Mahallesi Test Sokak Test Apartman 06100 Londra ,  , 10112 , batman@mail.com
9148 , 333-28-4753 , Ali , Smith , A mah. B cad. No:1 66300 Istanbul Sariyer , 123-123-1234 , 10113 , abc12t87@mail.com
9149 , 543-21-5432 , John , Yesil , 3rd  Street Carlstadt , 234-143-2143 , 10114 , john1deneme@gmail.com
9150 , 333-28-4210 , Ali , Smith , A mah. B cad. No:1 66300 Istanbul Sariyer , 123-123-1234 , 10115 , abc1255g@mail.com
10901 , 764-59-9998 , Jessy , Kara , 2nd Street Carlstadt , 341-232-2143 , 10117 , jessy1deneme@gmail.com
10902 , 888-33-7777 , imam , eker , Ankara Türkiye 06 , 444-666-7777 , 10118 , nerede@gmail.com
10903 , 888-33-7778 , imam , eker , Ankara Türkiye 06 , 444-666-7777 , 10119 , nerede@gmail.com
10904 , 888-33-7770 , imam , eker , Ankara Türkiye 06 , 444-666-7777 , 10120 , nerede@gmail.com
10905 , 888-33-7772 , imam , eker , Ankara Türkiye 06 , 444-666-7777 , 10121 , nerede@gmail.com
10906 , 333-28-4377 , Ali , Smith , A mah. B cad. No:1 66300 Istanbul Sariyer , 123-123-1234 , 10122 , abc12jhk@mail.com
10907 , 333-28-4431 , Ali , Smith , A mah. B cad. No:1 66300 Istanbul Sariyer , 123-123-1234 , 10123 , abc12xj2@mail.com
10908 , 111-11-3434 , ali , ali , asd , 111-111-1111 , 10124 , abcdfdfdgde@gmail.com
10909 , 333-28-4198 , Ali , Smith , A mah. B cad. No:1 66300 Istanbul Sariyer , 123-123-1234 , 10125 , abc12y6x@mail.com
10910 , 342-56-7685 , Kadir , Gok , Fairfax , 571-236-2729 , 10126 , kadirgok1@gmail.com
10911 , 333-28-4904 , Ali , Smith , A mah. B cad. No:1 66300 Istanbul Sariyer , 123-123-1234 , 10127 , abc12u2u@mail.com
10912 , 333-28-4407 , Ali , Smith , A mah. B cad. No:1 66300 Istanbul Sariyer , 123-123-1234 , 10128 , abc12uzz@mail.com
10913 , 333-28-4717 , Ali , Smith , A mah. B cad. No:1 66300 Istanbul Sariyer , 123-123-1234 , 10130 , abc12ac9@mail.com
10914 , 893-12-3893 , John , Smith , 1235 Door Av ,  , 10132 , john@yahoo.com
10915 , 111-11-3535 , ali , ali , asd , 111-111-1111 , 10133 , abcdfdfdgdegh@gmail.com
10916 , 333-28-4171 , Ali , Smith , A mah. B cad. No:1 66300 Istanbul Sariyer , 123-123-1234 , 10134 , abc1215e@mail.com
10917 , 345-88-9876 , Bella , Simon , Madison Street , 276-777-7777 , 10136 , denemebella11@gmail.com
10918 , 333-28-4534 , Ali , Smith , A mah. B cad. No:1 66300 Istanbul Sariyer , 123-123-1234 , 10137 , abc12vzn@mail.com
10919 , 333-28-4557 , Ali , Smith , A mah. B cad. No:1 66300 Istanbul Sariyer , 123-123-1234 , 10139 , abc1204m@mail.com
10920 , 333-28-4067 , Ali , Smith , A mah. B cad. No:1 66300 Istanbul Sariyer , 123-123-1234 , 10140 , abc12p6p@mail.com
10921 , 333-28-4115 , Ali , Smith , A mah. B cad. No:1 66300 Istanbul Sariyer , 123-123-1234 , 10142 , abc12toc@mail.com
10922 , 333-28-4558 , Ali , Smith , A mah. B cad. No:1 66300 Istanbul Sariyer , 123-123-1234 , 10144 , abc12zem@mail.com
10923 , 333-28-4110 , Ali , Smith , A mah. B cad. No:1 66300 Istanbul Sariyer , 123-123-1234 , 10145 , abc12z7i@mail.com
10924 , 111-11-3636 , ali , ali , as , 111-111-1111 , 10147 , fdfsfdfsdsds@gmail.com
10925 , 333-28-4326 , Ali , Smith , A mah. B cad. No:1 66300 Istanbul Sariyer , 123-123-1234 , 10148 , abc122nv@mail.com
10926 , 333-28-4316 , Ali , Smith , A mah. B cad. No:1 66300 Istanbul Sariyer , 123-123-1234 , 10149 , abc12tw4@mail.com
10927 , 123-67-3252 , Ibrahim , Sahan , Cumhuriyet Street , 123-623-7895 , 10150 , isahan@gmail.com
10928 , 333-28-4514 , Ali , Smith , A mah. B cad. No:1 66300 Istanbul Sariyer , 123-123-1234 , 11801 , abc12aac@mail.com
10929 , 333-28-4926 , Ali , Smith , A mah. B cad. No:1 66300 Istanbul Sariyer , 123-123-1234 , 11802 , abc12v13@mail.com
10930 , 333-28-4926 , Ali , Smith , A mah. B cad. No:1 66300 Istanbul Sariyer , 123-123-1234 , 11803 , abc12v13@mail.com
10931 , 333-28-4825 , Ali , Smith , A mah. B cad. No:1 66300 Istanbul Sariyer , 123-123-1234 , 11804 , abc1247p@mail.com
10932 , 333-28-4268 , Ali , Smith , A mah. B cad. No:1 66300 Istanbul Sariyer , 123-123-1234 , 11805 , abc1223c@mail.com
10933 , 333-28-4566 , Ali , Smith , A mah. B cad. No:1 66300 Istanbul Sariyer , 123-123-1234 , 11807 , abc12pbp@mail.com
10934 , 333-28-4696 , Ali , Smith , A mah. B cad. No:1 66300 Istanbul Sariyer , 123-123-1234 , 11808 , abc12czw@mail.com
10935 , 145-45-4569 , Mark , Johnson ,  , 501-454-2121 , 11810 , usertest@gmail.com
10936 , 333-28-4286 , Ali , Smith , A mah. B cad. No:1 66300 Istanbul Sariyer , 123-123-1234 , 11811 , abc125ca@mail.com
10937 , 659-45-4569 , Mark , Johnson ,  , 501-454-2121 , 11812 , usertest@gmail.com
10938 , 333-28-4460 , Ali , Smith , A mah. B cad. No:1 66300 Istanbul Sariyer , 123-123-1234 , 11813 , abc12i27@mail.com
10939 , 669-45-4569 , Mark , Johnson ,  , 501-454-2121 , 11815 , usertest@gmail.com
10940 , 569-23-3456 , Mark , Johnson , plano , 501-454-2121 , 11816 , usertest@gmail.com
10941 , 333-28-4662 , Ali , Smith , A mah. B cad. No:1 66300 Istanbul Sariyer , 123-123-1234 , 11817 , abc12uf9@mail.com
10942 , 569-33-3456 , Mark , Johnson , plano ,  , 11819 , usertest@gmail.com
10943 , 333-28-4930 , Ali , Smith , A mah. B cad. No:1 66300 Istanbul Sariyer , 123-123-1234 , 11820 , abc12sek@mail.com
10944 , 569-39-3456 , Mark , Johnson , plano ,  , 11821 , usertest@gmail.com
10945 , 456-96-9863 , Mark , Johnson , plano ,  , 11822 , usertest@gmail.com
10946 , 333-28-4118 , Ali , Smith , A mah. B cad. No:1 66300 Istanbul Sariyer , 123-123-1234 , 11823 , abc128ep@mail.com
10947 , 111-11-3737 , ali , ali , as , 111-111-1111 , 11824 , fdfsfdfshghg@gmail.com
10948 , 111-11-3838 , ali , ali , as , 111-111-1111 , 11825 , fdfsfdfsesds@gmail.com
10949 , 333-28-4568 , Ali , Smith , A mah. B cad. No:1 66300 Istanbul Sariyer , 123-123-1234 , 11826 , abc12p3m@mail.com
10950 , 333-28-4383 , Ali , Smith , A mah. B cad. No:1 66300 Istanbul Sariyer , 123-123-1234 , 11828 , abc12y0z@mail.com
12901 , 333-28-4950 , Ali , Smith , A mah. B cad. No:1 66300 Istanbul Sariyer , 123-123-1234 , 11830 , abc12ndn@mail.com
12902 , 333-28-4459 , Ali , Smith , A mah. B cad. No:1 66300 Istanbul Sariyer , 123-123-1234 , 11831 , abc12fn2@mail.com
12903 , 333-28-4469 , Ali , Smith , A mah. B cad. No:1 66300 Istanbul Sariyer , 123-123-1234 , 11832 , abc12lhs@mail.com
12904 , 333-28-4420 , Ali , Smith , A mah. B cad. No:1 66300 Istanbul Sariyer , 123-123-1234 , 11833 , abc12384@mail.com
12905 , 333-28-4589 , Ali , Smith , A mah. B cad. No:1 66300 Istanbul Sariyer , 123-123-1234 , 11834 , abc12kn6@mail.com
12906 , 333-28-4617 , Ali , Smith , A mah. B cad. No:1 66300 Istanbul Sariyer , 123-123-1234 , 11835 , abc12zhh@mail.com
12907 , 333-28-4107 , Ali , Smith , A mah. B cad. No:1 66300 Istanbul Sariyer , 123-123-1234 , 11836 , abc12lum@mail.com
12908 , 333-28-4985 , Ali , Smith , A mah. B cad. No:1 66300 Istanbul Sariyer , 123-123-1234 , 11837 , abc12vj9@mail.com
12909 , 333-28-4561 , Ali , Smith , A mah. B cad. No:1 66300 Istanbul Sariyer , 123-123-1234 , 11838 , abc12jpx@mail.com
12910 , 333-28-4030 , Ali , Smith , A mah. B cad. No:1 66300 Istanbul Sariyer , 123-123-1234 , 11839 , abc12dyv@mail.com
12911 , 333-28-4496 , Ali , Smith , A mah. B cad. No:1 66300 Istanbul Sariyer , 123-123-1234 , 11840 , abc12i5c@mail.com
12912 , 333-28-4024 , Ali , Smith , A mah. B cad. No:1 66300 Istanbul Sariyer , 123-123-1234 , 11841 , abc12dgp@mail.com
12913 , 876-62-9758 , Sami , Kacmaz ,  , 444-666-7777 , 11842 , sami@gmail.com
12914 , 876-62-9754 , Sami Can , Kacmaz , Amsterdam/Hollanda ,  , 11843 , samican@gmail.com
12915 , 333-28-4787 , Ali , Smith , A mah. B cad. No:1 66300 Istanbul Sariyer , 123-123-1234 , 11844 , abc12bpi@mail.com
12916 , 333-28-4116 , Ali , Smith , A mah. B cad. No:1 66300 Istanbul Sariyer , 123-123-1234 , 11845 , abc12rn7@mail.com
12917 , 333-28-4309 , Ali , Smith , A mah. B cad. No:1 66300 Istanbul Sariyer , 123-123-1234 , 11846 , abc12llp@mail.com
12918 , 333-28-4002 , Ali , Smith , A mah. B cad. No:1 66300 Istanbul Sariyer , 123-123-1234 , 11847 , abc123yv@mail.com
12919 , 333-28-4435 , Ali , Smith , A mah. B cad. No:1 66300 Istanbul Sariyer , 123-123-1234 , 11848 , abc1255k@mail.com
12920 , 333-28-4254 , Ali , Smith , A mah. B cad. No:1 66300 Istanbul Sariyer , 123-123-1234 , 11849 , abc12l2g@mail.com
12921 , 333-28-4209 , Ali , Smith , A mah. B cad. No:1 66300 Istanbul Sariyer , 123-123-1234 , 11850 , abc12dw8@mail.com
12922 , 333-28-4397 , Ali , Smith , A mah. B cad. No:1 66300 Istanbul Sariyer , 123-123-1234 , 14051 , abc12ugk@mail.com
12923 , 333-28-4803 , Ali , Smith , A mah. B cad. No:1 66300 Istanbul Sariyer , 123-123-1234 , 14052 , abc12rhk@mail.com
12924 , 333-28-4425 , Ali , Smith , A mah. B cad. No:1 66300 Istanbul Sariyer , 123-123-1234 , 14053 , abc12mxd@mail.com
12925 , 333-28-4849 , Ali , Smith , A mah. B cad. No:1 66300 Istanbul Sariyer , 123-123-1234 , 14054 , abc12c7h@mail.com
12926 , 333-28-4080 , Ali , Smith , A mah. B cad. No:1 66300 Istanbul Sariyer , 123-123-1234 , 14055 , abc12pu8@mail.com
12927 , 876-62-9455 , Sami Eren , deren , Rotterdam-Netherland , 444-666-7777 , 14056 , samican@gmail.com
12928 , 333-28-4634 , Ali , Smith , A mah. B cad. No:1 66300 Istanbul Sariyer , 123-123-1234 , 14057 , abc120by@mail.com
12929 , 456-25-1234 , John , Smith , 108-190 Moraga Ave, Oakland, CA 94611, USA , 567-891-1234 , 14058 , globaluser010101@gmail.com
12930 , 456-25-1634 , John , Smith , 108-190 Moraga Ave, Oakland, CA 94611, USA , 567-891-1234 , 14059 , globaluser010101@gmail.com
12931 , 876-92-9755 , Sami Eren , csfd , Rotterdam-Netherland , 444-666-7777 , 14060 , samican@gmail.com
12932 , 836-92-9755 , Sami Eren , csfd , Rotterdam-Netherland , 444-666-7777 , 14061 , samican@gmail.com
12933 , 333-28-4789 , Ali , Smith , A mah. B cad. No:1 66300 Istanbul Sariyer , 123-123-1234 , 14062 , abc12w1z@mail.com
12934 , 836-92-9751 , Sami Eren , csfd , Rotterdam-Netherland , 444-666-7777 , 14063 , samican@gmail.com
12935 , 836-92-9750 , Sami Eren , csfd , Rotterdam-Netherland , 444-666-7777 , 14064 , samican@gmail.com
12936 , 836-92-3750 , Sami Eren , csfd , Rotterdam-Netherland , 444-666-7777 , 14065 , samican@gmail.com
12937 , 333-28-4938 , Ali , Smith , A mah. B cad. No:1 66300 Istanbul Sariyer , 123-123-1234 , 14066 , abc12u4n@mail.com
12938 , 230-62-9876 , Jack , Fall , 3rd Street , 252-256-5432 , 14067 , passdeneme11@gmail.com
12939 , 797-66-7513 , Mason , Bogan , 33132 Jarvis Junctions, Dietrichside, LA 83634 , 123-789-1313 , 14068 , susie.feest@hotmail.com
12940 , 876-62-9759 , Ali Ayd?n , Konar , Lahey-Netherland , 444-666-7767 , 14069 , aliikon@gmail.c
12941 , 877-62-9759 , Ali Ayd?n , Konar , Lahey-Netherland , 444-666-7767 , 14070 , aliikon@gmail.co
12942 , 333-13-1315 , 11beck , toofun , 11 th st , 123-456-7899 , 14071 , 333-13-1315@gmail.com
12943 , 333-28-4560 , Ali , Smith , A mah. B cad. No:1 66300 Istanbul Sariyer , 123-123-1234 , 14072 , abc1264t@mail.com
12944 , 567-88-3609 , kul , abdullah , deneme street 67800 , 055-555-5555 , 14073 , klem@gmail.com
12945 , 567-88-1667 , kul , abdullh , deneme street 67800 , 055-555-5555 , 14074 , kalem@gmail.com
12946 , 333-28-4859 , Ali , Smith , A mah. B cad. No:1 66300 Istanbul Sariyer , 123-123-1234 , 14075 , abc12voc@mail.com
12947 , 111-12-2345 , 1bayram , h?zal , ankara , 111-111-2345 , 14076 , garip@gmail.com
12948 , 111-12-1234 , ?bayram , hzal , ankara , 111-111-1234 , 14077 , car@gmail.com
12949 , 222-23-2345 ,  nazl? , bayram , ankara , 111-111-1234 , 14078 , cans@gmail.com
12950 , 234-23-1234 , bayram , h?zal , sakarya , 111-111-1234 , 14079 , gar@gmail.com
15451 , 333-28-4457 , Ali , Smith , A mah. B cad. No:1 66300 Istanbul Sariyer , 123-123-1234 , 14080 , abc125xr@mail.com
15452 , 564-97-8768 , John  , Lewis , Broadway Street  , 123-253-2312 , 14081 , johnlewis1@gmail.com
15453 , 234-23-2145 , bayram , sakarya , sakarya , 111-123-1234 , 14082 , sak@gmail.com
15454 , 111-23-2345 , bayram , son , Ankara , 111-123-1234 , 14083 , teksas@gmail.com
15455 , 123-45-6778 , ismihan , altun , 24 elizabeth street , 535-581-9730 , 14084 , asligibidir@gmail.com
15456 , 564-98-8768 , John , Lewis , 1414 Broadway St , 123-344-2145 , 14085 , johnlewis_1@gmail.com
15457 , 123-54-3456 , kal?n , ibrahim , cebeci , 234-234-2345 , 14086 , can1@gmail.com
15458 , 234-12-1234 , bayram , mert , ankara , 345-234-1234 , 14087 , bayram@gmail.com
15459 , 333-33-1234 , group8 , group8 , 600 Mersey Oaks Way , 000-000-0000 , 14088 , group8newapplicant@gmail.com
15460 , 873-12-6154 , a , Demir , 12 column way , 179-912-1982 , 14089 , aysedem@gmail.com
15461 , 234-12-3833 , 12 , Isik , 2 Daisy St , 681-123-4556 , 14090 , veliisi@gmail.com
15462 , 456-15-1876 , Anthony Brand , Kuz , 13 Row St , 768-321-9090 , 14091 , aliku@gmail.com
15463 , 873-12-6312 , Jonathan , Demir , 12 column way , 179-912-1182 , 14092 , brand@gmail.com
15464 , 671-12-3833 , 12 , 1b3 , 2 Daisy St , 681-123-4558 , 14093 , veliisii@gmail.com
15465 , 456-58-1876 , Anthony Brand , Clark , 13 Row St , 768-321-4545 , 14094 , alikuu@gmail.com
15466 , 481-12-1567 , A_Brand , Clark Wan , 22 Table Way , 870-123-1215 , 14095 , cyavuzz@gmail.com
15467 , 396-12-6312 , Jonathan , Clark*Wan , 12 column way , 179-912-1188 , 14096 , brandd@gmail.com
15468 , 371-12-6154 , Bob , Donahue , 53 Milky way Rd No:12 02121 Davis, CA , 501-912-1982 , 14097 , bobd@gmail.com
15469 , 365-12-6154 , Bob , Donahue , 53 Milky way Rd No:12 02121 Davis, CA , 551-912-1982 , 14098 , usertest@gmail.com
15470 , 472-12-6153 , Bob , Donahue , 53 Milky way Rd No:12 02121 Davis, CA , 581-912-1982 , 14099 , 11@gmail.com
15471 , 333-28-4955 , Ali , Smith , A mah. B cad. No:1 66300 Istanbul Sariyer , 123-123-1234 , 14100 , abc12ivn@mail.com
15472 , 333-28-4770 , Ali , Smith , A mah. B cad. No:1 66300 Istanbul Sariyer , 123-123-1234 , 15751 , abc127gy@mail.com
15473 , 333-28-4651 , Ali , Smith , A mah. B cad. No:1 66300 Istanbul Sariyer , 123-123-1234 , 15752 , abc129w7@mail.com
15474 , 333-28-4987 , Ali , Smith , A mah. B cad. No:1 66300 Istanbul Sariyer , 123-123-1234 , 15753 , abc12w84@mail.com
15475 , 333-28-4964 , Ali , Smith , A mah. B cad. No:1 66300 Istanbul Sariyer , 123-123-1234 , 15754 , abc12mk9@mail.com
15476 , 623-23-5467 , Johnny , Deep , 1414 Broadway St , 234-235-7843 , 15755 , johnnydeep_1@gmail.com
15477 , 567-88-3629 , kul , abdullah , deneme street 67800 , 055-555-5555 , 15756 , klemle@gmail.com
15478 , 352-34-4678 , George , Hamilton , 1414 Broadway St , 344-554-5789 , 15757 , georgehamilton_3@gmail.com
15479 , 567-88-3600 , kul , abdullah , deneme street 67800 , 055-555-5555 , 15758 , klelu@gmail.com
15480 , 557-88-1707 , kul , abdullh , deneme street 67800 , 055-555-5555 , 15759 , klemi@gmail.com
15481 , 333-28-4686 , Ali , Smith , A mah. B cad. No:1 66300 Istanbul Sariyer , 123-123-1234 , 15760 , abc126w7@mail.com
15482 , 333-28-4683 , Ali , Smith , A mah. B cad. No:1 66300 Istanbul Sariyer , 123-123-1234 , 15761 , abc12fem@mail.com
15483 , 333-28-4764 , Ali , Smith , A mah. B cad. No:1 66300 Istanbul Sariyer , 123-123-1234 , 15762 , abc12r9h@mail.com
15484 , 460-63-5325 , Alex , Power , Rue Jean Jaurès , 147-765-9875 , 15764 , alexshine@gmail.com
15485 , 333-28-4368 , Ali , Smith , A mah. B cad. No:1 66300 Istanbul Sariyer , 123-123-1234 , 15765 , abc12p7z@mail.com
15486 , 333-28-4244 , Ali , Smith , A mah. B cad. No:1 66300 Istanbul Sariyer , 123-123-1234 , 15767 , abc1231x@mail.com
15487 , 333-28-4009 , Ali , Smith , A mah. B cad. No:1 66300 Istanbul Sariyer , 123-123-1234 , 15768 , abc12ec5@mail.com
15488 , 787-19-9562 , Carlo , Mohr , Suite 518 0363 Little Radial, South Omer, NV 67910 , 123-789-1313 , 15769 , hipolito.berge@gmail.com
15489 , 456-25-2634 , John , Smith , 108-190 Moraga Ave, Oakland, CA 94611, USA , 567-891-1234 , 15770 , globaluser010101@gmail.com
15490 , 250-21-9856 , Ali , Veli , 61st Street 75000 , 123-456-7890 , 15771 , ali@veli.com
15491 , 134-54-0675 , = , { , sdfs , 875-458-5432 , 15772 , a@g.net
15492 , 876-68-9758 , Fatih , K?l?ç ,  , 444-666-7777 , 15773 , edenbul@gmail.com
15493 , 276-68-9758 , Fatih , K?l?ç ,  , 444-666-7777 , 15774 , edenbul@gmail.com
15494 , 276-68-9759 , Fatih , K?l?ç ,  , 444-666-7777 , 15775 , edenbul@gmail.com
15495 , 276-68-9859 , Fatih , K?l?ç ,  , 444-666-7777 , 15776 , edenbul@gmail.com
15496 , 876-63-9758 , Sami , Kacmaz ,  , 444-666-7777 , 15777 , sami@gmail.com
15497 , 876-64-9754 , Sami Can , Kacmaz , Amsterdam/Hollanda ,  , 15778 , samican@gmail.com
15498 , 876-63-9778 , Sami , Kacmaz ,  , 444-666-7777 , 15779 , sami@gmail.com
15499 , 876-64-9954 , Sami Can , Kacmaz , Amsterdam/Hollanda ,  , 15780 , samican@gmail.com
15500 , 816-62-9759 , Ali Ayd?n , Konar , Lahey-Netherland , 444-666-7767 , 15781 , aliikon@gmail.c
17401 , 827-62-9759 , Ali Ayd?n , Konar , Lahey-Netherland , 444-666-7767 , 15782 , aliikon@gmail.co
17402 , 876-63-9771 , Sami , Kacmaz ,  , 444-666-7777 , 15783 , sami@gmail.com
17403 , 876-63-9772 , Sami , Kacmaz ,  , 444-666-7777 , 15784 , sami@gmail.com
17404 , 389-86-9023 , utilisateur3 , prenom , Quiet Cove , 876-898-8855 , 15785 , utilisateur3@gmail.com
17405 , 569-86-9023 , utilisateur4 , prenom2 , New ville , 798-898-8855 , 15786 , utilisateur4@gmail.com
17406 , 123-12-4444 , emrerrrr , dumanvcvc , 41 warrender avenue , 416-420-8144 , 15790 , emredumannnn3000@gmail.com
17407 , 123-12-4446 , emrerrrr , dumanvcvc , 41 warrender avenue , 416-420-8144 , 15791 , emryduman@g.c
17408 , 123-12-4447 , emrerrrr , dumanvcvc , 41 warrender avenue , 416-420-8144 , 15792 , emryduman@gmail.com
17409 , 333-28-4304 , Ali , Smith , A mah. B cad. No:1 66300 Istanbul Sariyer , 123-123-1234 , 15793 , abc12srg@mail.com
17410 , 012-04-0571 , Mustafa , Yildirim , Willem Alexander Straat Amterdam  , 0122-004-0571 , 15794 , mustafayildirimtarsus@gmail.com
17411 , 215-02-1962 , Mark , Twain , 12 ramsey rd 21968 VA  , 444-555-6666 , 15800 , mark@gmail.com
17412 , 215-62-1962 , mark , twain , 15 herakles rd , 115-622-1962 , 18107 , mark0@gmail.com
17413 , 333-88-1616 , Jani , Aks , Finland , 123-123-8888 , 18108 , janiaks6@gmail.com
17414 , 423-23-3467 , Jeff , Bezos , 3650 Fulton St,  , 234-263-8943 , 18110 , jeffbezos_amazon@gmail.com
17415 , 560-88-1667 , kul , abdullh , deneme street 67800 , 055-555-5555 , 18111 , aemik@gmail.com
17416 , 721-84-4926 , Anna , Cathy , TX-Dallas , 075-833-2322 , 18112 , anna@gmail.com
17417 , 342-21-2352 , Michael , Harzer , 1414 Broadway St , 324-673-2324 , 18113 , michaelharzer@gmail.com
17418 , 444-44-5656 , qwer , asdas , asda , 000-000-0000 , 18114 , sas@asd.c
17419 , 342-32-2356 , Barbara , Honecker , 1414 Broadway St , 343-325-1235 , 18115 , barbarahonecker@gmail.com
17420 , 342-23-5646 , Barbara , Honercker , 1414 Broadway St , 412-343-3456 , 18116 , barbarahonecker@gmail.com
17421 , 333-28-4623 , Ali , Smith , A mah. B cad. No:1 66300 Istanbul Sariyer , 123-123-1234 , 18121 , abc12hff@mail.com
17422 , 789-98-7896 , Selim , A , 8 rue pierre corneille , 123-456-7890 , 18129 , selim@gmail.com
17423 , 111-22-9999 , john , smith , abc , 111-222-3333 , 18130 , john123@gmail.com
17424 , 553-89-0439 , EFKAN , SATIN , Çankaya Mah. 6450. Sok. Defne Sit. K Blok D.4 , 553-890-4393 , 18953 , efknstn@gmail.com
17425 , 312-12-1256 , selim , dur , ankara , 896-546-5465 , 18959 , a49@gmail.com
17426 , 321-32-3210 , calisanRST , calisan , kallari1 , 321-321-3210 , 18961 , dadaserol@gmail.com
17427 , 123-54-9876 , Kamile , Yucel , 1st heaven st. , 123-456-9876 , 18962 , ky@gmail.com
17428 , 510-29-3036 , Vernia , Hegmann , Apt. 159 2612 Agustina Crescent, Metzton, NE 03410 , 123-789-1313 , 18963 , andy.schmeler@gmail.com
17429 , 600-50-4560 , Necip  , Kisakurek , 26 jane street  No:1 02121 north, CAN , 437-567-3838 , 18965 , fzlhan25@gmail.com
17430 , 220-02-1962 , Will , Bill , 18 Tulaney rd , 111-222-3333 , 18966 , willy@gmail.com
17431 , 123-45-6711 , Hakan1 , ozturk1 , hatayli caddesi antakya mahallesi1 , 533-455-2332 , 18967 , asasasaq@gmail.com
17432 , 123-45-6722 , Hakan12 , ozturk12 , hatayl1caddesi antakya mahallesi1 , 533-455-2311 , 18968 , a1sasasaq@gmail.com
17433 , 221-02-1962 , Willy , Billy , 18 TulaneyRd , 111-222-3333 , 18969 , willy@gmail.com
17434 , 103-45-6789 , HAlim , Canik , Alim mah. Can cad. No:12. Istanbul Tuzla , 100-234-3214 , 18970 , foreachloop112022@gmail.com
17435 , 219-02-1962 , Brad , North , 18 Tulaney rd , 111-222-3333 , 18971 , brad@gmail.cm
17436 , 193-45-6789 , SAlim , danik , Alim mahll. Can cad. No:12. Istanbul Tuzla , 100-230-3214 , 18972 , foreachloop99112022@gmail.com
17437 , 698-80-7133 , Kemal , Alsancak , Artidattiu 48 , 123-456-7890 , 18973 , msimurg@icloud.com
17438 , 333-28-4010 , Ali , Smith , A mah. B cad. No:1 66300 Istanbul Sariyer , 123-123-1234 , 18974 , abc12shj@mail.com
17439 , 107-10-1071 , ishak , sengul , rue fleurs 45 - 4000 , 123-123-1234 , 18976 , ishak3@hotmail.com
17440 , 532-44-5555 , aaaa , bbbb , abab , 544-852-4411 , 18977 , aaaabbbb@live.com
17441 , 532-66-4321 , aaa , bbb , Almanya , 852-963-7412 , 18978 , aaabbb@live.com
17442 , 322-33-4444 , Emily , Simon , Willow Street , 233-333-4444 , 18979 , emilysimon23@gmail.com
17443 , 333-28-4102 , Ali , Smith , A mah. B cad. No:1 66300 Istanbul Sariyer , 123-123-1234 , 18982 , abc12tio@mail.com
17444 , 321-32-3333 , Ayse , Team2 , Pirrou 11 , 212-212-2123 , 20263 , team2ays@gmail.com
17445 , 441-23-2000 , Ali , veli , Alsancak 45 , 123-456-7890 , 20294 , aliveli@gmail.com
17446 , 441-23-2001 , Ahmet , Veli , Alsancak 45 , 123-456-7890 , 20296 , ahmetveli@gmail.com
17447 , 441-23-2008 , Ahmet , Veli , Alsancak 40 , 123-456-7890 , 20298 , ahmetveli@gmail.com
17448 , 523-45-6080 , Admin , Admin , hataylci caddesi antakya mahallesi no 123 , 533-455-21133 , 20300 , asasqwqwqawqasa@gmail.com
17449 , 597-87-3629 , Ali , Demir , yeni sokak 67800 , 055-587-8521 , 20651 , alidemir@gmail.com
17450 , 532-35-1882 , Sezai , Ocak , Rue Eugenee van , 532-111-3333 , 20652 , se@gmail.com
20751 , 109-22-1905 , Agios , Nikolaos , Atiki 7 , 698-777-7879 , 20653 , agios@gmail.com
20752 , 876-13-9772 , Sami , Kacmaz ,  , 444-666-7777 , 20654 , sami@gmail.com
20753 , 876-24-9952 , Sami Can , Kacmaz , Amsterdam/Hollanda ,  , 20655 , samican@gmail.com
20754 , 816-62-9059 , Ali Ayd?n , Konar , Lahey-Netherland , 444-666-7767 , 20656 , aliikon@gmail.c
20755 , 827-62-9159 , Ali Ayd?n , Konar , Lahey-Netherland , 444-666-7767 , 20657 , aliikon@gmail.co
20756 , 107-10-1072 , ishak4 , ishak4 , rue fleurs 45 - 4000 , 123-123-1234 , 20658 , ishak4@hotmail.com
20757 , 876-39-2345 , All , Vell , 13wrty , 768-564-3245 , 20659 , as@ghg.com
20758 , 597-67-4622 , Ali , Demir , yeni sokak 67800 , 055-587-8521 , 20660 , alicandemir@gmail.com
20759 , 123-45-0012 , all , well , dsd , 123-321-1234 , 20661 , al@vl.net
20760 , 652-02-6743 , al , al , al , 098-673-8729 , 20662 , a@lo.com
20761 , 234-56-7891 , Peter , Pan , address4 , m123-456-7895 , 20663 , p@p.com
20762 , 234-56-7890 , John , Way , address3 , 123-456-7892 , 20664 , j@w.com
20763 , 387-51-3610 , Hasan , Huseyin , address2 , 123-456-7891 , 20665 , h@h.com
20764 , 234-56-8790 , John , Way , address3 , 123-456-7892 , 20666 , j@w.com
20765 , 107-10-1073 , ishak5 , ishak5 , rue fleurs 45 - 4000 , 123-123-1234 , 20667 , ishak5@hotmail.com
20766 , 293-40-0265 , Peter , Parker , address5 , 123-456-7895 , 20668 , p@p.net
20767 , 746-48-1937 , ask , kas , ask , 321-098-4673 , 20669 , a@ngm.com
20768 , 371-53-8812 , Peter , Parker , address5 , 123-456-7895 , 20670 , p@rb.net
20769 , 731-53-8812 , Peter , Parker , address5 , 123-456-7895 , 20671 , p@sb.net
20770 , 731-53-8102 , John , Parker , address5 , 123-450-7895 , 20672 , p@io.net
20771 , 731-35-8102 , John , Parker , address5 , 123-450-7895 , 20673 , y@io.net
20772 , 658-32-3656 , gd , kjh , kjgh , 869-787-5367 , 20674 , fd@jh.com
20773 , 731-35-8172 , John , Parker , address5 , 123-450-7895 , 20675 , yi@io.net
20774 , 731-35-8242 , John , Parker , address5 , 123-450-7895 , 20676 , yski@io.net
20775 , 110-22-1905 , Agios , Niko , Attiki , 698-777-7879 , 20677 , agios38@gmail.com
20776 , 876-54-3210 , Mustafa , Y , Chemin de  , 111-111-1111 , 20678 , mustafay@yandex.com
20777 , 876-54-3219 , Mustafa , Y , Chemin  , 111-111-1111 , 20679 , mustafa.y@yandex.com
20778 , 107-10-1074 , ishak6 , ishak6 , rue le roi , 123-123-1234 , 20680 , ishak6@gmail.com
20779 , 107-10-1010 , test1 , test1 , test1 , 123-123-1234 , 20681 , test1@gmail.com
20780 , 107-10-1011 , test2 , test2 , test2 , 123-123-1234 , 20682 , test21@gmail.com
20781 , 107-10-1012 , test3 , test3 , test3 , 123-123-1234 , 20683 , test3@gmail.com
20782 , 107-10-1014 , test4 , test4 , test4 , 123-123-1234 , 20684 , test4@gmail.com
20783 , 107-10-1015 , test5 , test5 , test5 , 123-123-1234 , 20685 , test5@gmail.com
20784 , 107-10-1016 , test5 , test5 , test5 , 123-123-1234 , 20686 , test6@gmail.com
20785 , 107-10-2434 , ishaks , ishaks , rue le roi , 123-123-1234 , 20687 , ishaks@gmail.com
20786 , 107-10-0213 , ishaks , ishaks , rue le roi , 123-123-1234 , 20688 , ishaks@gmail.com
20787 , 107-10-1318 , ishaks , ishaks , rue le roi , 123-123-1234 , 20689 , ishaks@gmail.com
20788 , 107-10-2777 , ishaks , ishaks , rue le roi , 123-123-1234 , 20690 , ishaks@gmail.com
20789 , 107-10-3979 , ishaks , ishaks , rue le roi , 123-123-1234 , 20691 , ishaks@gmail.com
20790 , 107-10-8848 , ishaks , ishaks , rue le roi , 123-123-1234 , 20692 , ishaks@gmail.com
20791 , 107-10-7057 , ishaks , ishaks , rue le roi , 123-123-1234 , 20693 , ishaks@gmail.com
20792 , 107-10-2451 , ishaks , ishaks , rue le roi , 123-123-1234 , 20694 , ishaks@gmail.com
20793 , 107-10-4069 , ishaks , ishaks , rue le roi , 123-123-1234 , 20695 , ishaks@gmail.com
20794 , 107-10-6216 , ishaks , ishaks , rue le roi , 123-123-1234 , 20696 , ishaks@gmail.com
20795 , 107-10-6474 , ishaks , ishaks , rue le roi , 123-123-1234 , 20697 , ishaks@gmail.com
20796 , 107-10-9377 , ishaks , ishaks , rue le roi , 123-123-1234 , 20698 , ishaks@gmail.com
20797 , 107-10-1080 , ishak , ishak , ishak , 123-123-1234 , 20699 , ishaks@hotmail.com
20798 , 685-14-9526 , test , customer , Test Mahallesi Test Sokak Test Apartman 06101 Alaska , 555-123-7688 , 20700 , money21@moneymail.com
20799 , 685-14-9585 , test , customer , Test Mahallesi Test Sokak Test Apartman 06101 Alaska , 555-123-7688 , 22501 , money201@moneymail.com
20800 , 685-14-9521 , test , customer , Test Mahallesi Test Sokak Test Apartman 06101 Alaska , 555-123-7612 , 22502 , money2091@moneymail.com
22551 , 685-14-9533 , test , customer , Test Mahallesi Test Sokak Test Apartman 06101 Alaska , 555-123-7612 , 22503 , moneym2091@moneymail.com
22552 , 685-14-9544 , test , customer , Test Mahallesi Test Sokak Test Apartman 06101 Alaska , 555-123-7612 , 22504 , moneym2l091@moneymail.com
22553 , 685-14-8544 , test , customer , Test Mahallesi Test Sokak Test Apartman 06101 Alaska , 555-123-7612 , 22505 , moleym2l091@moneymail.com
22554 , 555-44-6666 , Ab , Cd , rue eugene , 142-123-9876 , 22506 , 123@gmail.com
22555 , 685-14-8500 , test , customer , Test Mahallesi Test Sokak Test Apartman 06101 Alaska , 555-123-7612 , 22507 , moleym442l091@moneymail.com
22556 , 685-14-8501 , test , customer , Test Mahallesi Test Sokak Test Apartman 06101 Alaska , 555-123-7612 , 22508 , moleylm442l091@moneymail.com
22557 , 685-14-8502 , test , customer , Test Mahallesi Test Sokak Test Apartman 06101 Alaska , 555-123-7612 , 22509 , moleylm5442l091@moneymail.com
22558 , 321-54-9800 , af , dc , rue eugene , 142-123-9872 , 22510 , 123v@gmail.com
22559 , 685-14-8507 , test , customer , Test Mahallesi Test Sokak Test Apartman 06101 Alaska , 555-123-7612 , 22511 , mol5442l091@moneymail.com
22560 , 344-54-9802 , af , dc , rue eugen , 142-123-9871 , 22512 , 123vv@gmail.com
22561 , 108-10-7580 , iugfbn , iudfgh , jhghm , 123-123-1234 , 22514 , pohj@loig.com
22562 , 685-14-8508 , test , customer , Test Mahallesi Test Sokak Test Apartman 06101 Alaska , 555-123-7612 , 22519 , mol91@moneymail.com
22563 , 685-14-7701 , test , customer , Test Mahallesi Test Sokak Test Apartman 06101 Alaska , 555-123-7612 , 22520 , mol191@moneymail.com
22564 , 685-14-7702 , test , customer , Test Mahallesi Test Sokak Test Apartman 06101 Alaska , 555-123-7612 , 22521 , mol1951@moneymail.com
22565 , 685-14-7703 , test , customer , Test Mahallesi Test Sokak Test Apartman 06101 Alaska , 555-123-7612 , 22522 , mol19451@moneymail.com
22566 , 685-14-7704 , test , customer , Test Mahallesi Test Sokak Test Apartman 06101 Alaska , 555-123-7612 , 22523 , mol149451@moneymail.com
22567 , 685-14-7705 , test , customer , Test Mahallesi Test Sokak Test Apartman 06101 Alaska , 555-123-7612 , 22524 , mol1479451@moneymail.com
22568 , 685-14-7706 , test , customer , Test Mahallesi Test Sokak Test Apartman 06101 Alaska , 555-123-7612 , 22525 , mol14794e51@moneymail.com
23925 , 456-78-4321 , Selim1 , Asd , rue de orleans , 678-987-1234 , null , sakal@gmail.com
22569 , 185-14-7706 , test , customer , Test Mahallesi Test Sokak Test Apartman 06101 Alaska , 555-123-7612 , 22526 , mol1479g4e51@moneymail.com
22570 , 285-14-7706 , test , customer , Test Mahallesi Test Sokak Test Apartman 06101 Alaska , 555-123-7612 , 22527 , mol1479gg4e51@moneymail.com
22571 , 385-14-7706 , test , customer , Test Mahallesi Test Sokak Test Apartman 06101 Alaska , 555-123-7612 , 22528 , mol1479ggg4e51@moneymail.com
22572 , 585-14-7701 , test , customer , Test Mahallesi Test Sokak Test Apartman 06101 Alaska , 555-123-7612 , 22529 , mol147f9ggg4e51@moneymail.com
22573 , 505-14-7701 , test , customer , Test Mahallesi Test Sokak Test Apartman 06101 Alaska , 555-123-7612 , 22530 , mol1451@moneymail.com
22574 , 505-14-7702 , test , customer , Test Mahallesi Test Sokak Test Apartman 06101 Alaska , 555-123-7612 , 22531 , mol1f451@moneymail.com
22575 , 505-14-7703 , test , customer , Test Mahallesi Test Sokak Test Apartman 06101 Alaska , 555-123-7612 , 22532 , molf1f451@moneymail.com
22576 , 505-14-7704 , test , customer , Test Mahallesi Test Sokak Test Apartman 06101 Alaska , 555-123-7612 , 22533 , molf1ff451@moneymail.com
22577 , 505-14-7705 , test , customer , Test Mahallesi Test Sokak Test Apartman 06101 Alaska , 555-123-7612 , 22534 , molf1fff451@moneymail.com
22578 , 543-22-1111 , Test , dev , Vanden , 142-123-9876 , 22535 , 123@gmail.com
22579 , 543-22-1112 , Test , dev , Vanden , 142-123-9876 , 22536 , 123@gmail.com
22580 , 543-22-1113 , Teste , deve , Vandene , 142-123-9874 , 22537 , adefas@gmail.com
22581 , 543-22-1114 , Tester , dever , Vandenee , 142-123-9873 , 22538 , adefas@gmail.com
22582 , 543-22-1115 , Testere , devere , Vandeneet , 142-123-9870 , 22539 , adefas@gmail.com
22583 , 543-22-1117 , Testerer , deverevc , Vandeneet frt , 146-125-9870 , 22540 , afgtrs@gmail.com
22584 , 543-22-1119 , Testerert , deverevci , Vandeneet frtt , 146-125-9856 , 22541 , afsds@gmail.com
22585 , 543-22-1120 , Tert , dev gt , Vandenlki , 146-125-9123 , 22542 , asdert@gmail.com
22586 , 543-22-1121 , Trt , dv gt , Vandenlki , 146-175-9123 , 22543 , asder@gmail.com
22587 , 543-22-1123 , Trtm , dv gtl , Vandenl , 146-175-9145 , 22544 , asweer@gmail.com
22588 , 543-22-1122 , Trtma , dv gtl , Vandenl , 146-175-9145 , 22545 , asweer@gmail.com
22589 , 543-22-1125 , Trtmebhy , adv gtl , Vandenl gtrf , 146-175-9145 , 22546 , asweer@gmail.com
22590 , 543-22-1127 , bvgfa , advloik , Vandenl gtrf , 146-175-9140 , 22547 , asweer@gmail.com
22591 , 543-22-1129 , bvgfab , advloyhn , Vandenl gt , 146-175-9140 , 22548 , asweer@gmail.com
22592 , 543-22-1124 , bvgfaed , advloyhn , Vandenl gt , 146-175-9112 , 22549 , asweer@gmail.com
22593 , 543-22-1126 , bvgfaep , advloyhnp , Vandenl gtp , 146-111-9112 , 22550 , asweedrer@gmail.com
22594 , 543-22-1128 , bvfaep , advlyhnp , Vanenl gtp , 146-111-1278 , 22851 , sweedrer@gmail.com
22595 , 543-22-1130 , bvfaepoip , advtyulyhnp , Vanyuegtnl gtp , 983-111-1278 , 22852 , sweedrer@gmail.com
22596 , 532-35-1881 , Fedai , Ocak , Rue eugene vanden hoff , 532-123-4567 , 22853 , focak@gmail.com
22597 , 834-88-4567 , ahmet , yasar , 2342 , 234-234-2333 , 22854 , hacisstore@gmail.com
22598 , 111-11-5687 , GlobalTeam , SDET & QA , All World , 999-999-9999 , 22869 , globalteam111@gmail.com
22599 , 873-12-5567 , Ayse , Demir , 12 column way , 197-912-2314 , 22877 , aysede@gmail.com
22600 , 873-12-5507 , Ayse , Demir , 12 column way , 197-912-2314 , 22878 , aysede@gmail.com
23901 , 333-28-4396 , Ali , Smith , A mah. B cad. No:1 66300 Istanbul Sariyer , 123-123-1234 , 22879 , abc12pn8@mail.com
23902 , 801-32-4467 , John , Kelly , 24 Madison Ave NY, 12203 , 518-443-5498 , 22880 , jkelly@gmail.com
23903 , 333-33-7894 , admin , admin , ds , 111-456-9999 , 22891 , adminadam@g.com
23904 , 243-44-5464 , ali , customer , 13 Test Street , 987-654-3210 , 24552 , gmib.team07user@gmail.com
23905 , 121-11-0123 , john , smith , 8080 winter circle Alpharetta 30011 , 780-232-2222 , 24566 , jsmith@gmail.com
23906 , 278-80-1678 , marry , alice , 2021 summer circle , 330-345-6789 , 24567 , alice@gmail.com
23907 , 111-99-1876 , a , b , Time Square , 000-000-0000 , 24568 , a@hotmail.com
23908 , 765-34-2012 , ornekcustomer , customer , adana , 555-777-4444 , 24570 , customer@gmail.com
23909 , 333-28-4181 , Ali , Smith , A mah. B cad. No:1 66300 Istanbul Sariyer , 123-123-1234 , 24571 , abc12hcg@mail.com
23910 , 842-73-9072 , Team02 , Europe , Lahey/Netherland , 444-555-6666 , 24572 , team02@gmail.com
23911 , 333-28-4068 , Ali , Smith , A mah. B cad. No:1 66300 Istanbul Sariyer , 123-123-1234 , 24573 , abc12baf@mail.com
23912 , 532-35-1880 , Seza , Janu , Rue Eugenee van , 142-123-9812 , 24584 , sssae@gmail.com
23913 , 334-12-3833 , 12 , Isik , 2 Daisy St , 661-123-4556 , 24585 , velii@gmail.com
23914 , 446-15-1876 , Anthony Brand , Kuz , 13 Row St , 762-321-9090 , 24586 , alku@gmail.com
23915 , 465-15-1876 , A_Brand , Kathy , 16 Row St , 796-321-9090 , 24587 , arak@gmail.com
23916 , 813-12-6312 , Jonathan , Demir , 12 column way , 173-912-1182 , 24588 , bran@gmail.com
23917 , 873-19-6154 , a , b , 12 column way , 279-912-2020 , 24589 , demd@gmail.com
23918 , 455-58-1876 , Anthony Brand , Clark , 13 Row St , 776-321-4545 , 24590 , likuu@gmail.com
23919 , 681-12-1567 , A_Brand , Clark Wan , 22 Table Way , 871-123-1215 , 24591 , cavuzz@gmail.com
23920 , 395-12-6312 , Jonathan , Clark*Wan , 12 column way , 172-912-1188 , 24592 , bndd@gmail.com
23921 , 627-99-3432 , 123 , 456 , 2000 , 210-200-2000 , 24593 , 123@yahoo.com
23922 , 159-95-8563 , nuri , duman , adana , 159-951-4569 , 24594 , nuriduman@gmail.com
23923 , 456-78-4321 , Selim1 , Asd , rue de orleans , 678-987-1234 , null , sakal@gmail.com
23924 , 456-78-4321 , Selim1 , Asd , rue de orleans , 678-987-1234 , null , sakal@gmail.com
23926 , 456-78-4321 , Selim1 , Asd , rue de orleans , 678-987-1234 , null , sakal@gmail.com
23927 , 456-78-4321 , Selim1 , Asd , rue de orleans , 678-987-1234 , null , sakal@gmail.com
23928 , 456-78-4321 , Selim1 , Asd , rue de orleans , 678-987-1234 , null , sakal@gmail.com
23929 , 456-78-4321 , Selim1 , Asd , rue de orleans , 678-987-1234 , null , sakal@gmail.com
23930 , 456-78-4321 , Selim1 , Asd , rue de orleans , 678-987-1234 , null , sakal@gmail.com
23931 , 456-78-4321 , Selim1 , Asd , rue de orleans , 678-987-1234 , null , sakal@gmail.com
23932 , 456-78-4321 , Selim1 , Asd , rue de orleans , 678-987-1234 , null , sakal@gmail.com
23933 , 456-78-4323 , Selim1 , Asd , rue de orleans , 678-987-1234 , null , sakal3@gmail.com
23934 , 456-78-4323 , Selim1 , Asd , rue de orleans , 678-987-1234 , null , sakal3@gmail.com
23935 , 111-22-5283 , M1m1 , b2b2 , mnmn , 111-222-3333 , 27019 , lkjdldfjdkj@gmail.com
23936 , 108-10-7698 , adf , wer , sdfg , 123-123-1234 , 27035 , wert@sdf.com
23937 , 108-10-7697 , adf , wer , sdfg , 123-123-1234 , 27036 , wert@sdf.com
23938 , 108-10-7696 , adf , wer , sdfg , 123-123-1234 , 27037 , wert@sdf.com
23939 , 108-10-7695 , adf , wer , sdfg , 123-123-1234 , 27038 , wert@sdf.com
23940 , 108-10-7694 , adf , wer , sdfg , 123-123-1234 , 27039 , wert@sdf.com
23941 , 654-47-1297 , ahmet , kural , istanbul , 123-654-6565 , 27045 , ahmetkural@gmail.com
23942 , 107-10-7694 , adf , wer , sdfg , 123-123-1234 , 27046 , wert@sdf.com
23943 , 107-10-7695 , adf , wer , sdfg , 123-123-1234 , 27047 , wert@sdf.com
23944 , 107-10-7693 , adf , wer , sdfg , 123-123-1234 , 27048 , wert@sdf.com
23945 , 107-10-7692 , adf , wer , sdfg , 123-123-1234 , 27049 , wert@sdf.com
23946 , 107-10-7691 , adf , wer , sdfg , 123-123-1234 , 27050 , wert@sdf.com
23947 , 107-10-7696 , adf , wer , sdfg , 123-123-1234 , 27751 , wert@sdf.com
23948 , 107-10-7697 , adf , wer , sdfg , 123-123-1234 , 27752 , wert@sdf.com
23949 , 107-10-7698 , adf , wer , sdfg , 123-123-1234 , 27753 , wert@sdf.com
23950 , 107-10-7699 , adf , wer , sdfg , 123-123-1234 , 27754 , wert@sdf.com
27801 , 107-10-7690 , adf , wer , sdfg , 123-123-1234 , 27755 , wert@sdf.com
27802 , 560-18-1667 , kul , abdullh , deneme street 67800 , 055-555-5555 , 27756 , aem1ik@gmail.com
27803 , 567-18-3629 , kul , abdullah , deneme street 67800 , 055-555-5555 , 27757 , kle1mme@gmail.com
27804 , 532-35-1130 , A , B , Sorma girme sk. cakma aprt , 698-698-1234 , 27758 , sor123@gmail.com
27805 , 532-35-1131 , Ab , Ba , Sorma girme sk. cakma aprt , 698-698-1235 , 27759 , sorm123@gmail.com
27806 , 532-35-1132 , Abc , Bab , Sorma girme sk. cakma aprt. , 698-698-1236 , 27760 , sorma123@gmail.com
27807 , 532-35-1133 , Abcd , Babc , Sorma girme sk. cakma aprt.b , 698-698-1237 , 27761 , sormak123@gmail.com
27808 , 532-35-1134 , Abcde , Babcd , Sorma girme sk. cakma aprt.ba , 698-698-1238 , 27762 , sormaka123@gmail.com
27809 , 532-35-1135 , Abcdef , Babcde , Sorma girme sk. cakma aprt.bak , 698-698-1239 , 27763 , sormakaz123@gmail.com
27810 , 532-35-1136 , Abcdefg , Babcdef , Sorma girme sk. cakma aprt.bak , 698-698-1239 , 27764 , sormakaza123@gmail.com
27811 , 532-35-1137 , AbcdefgH , BabcdefG , Sorma girme sk. cakma aprt.bak , 698-698-1230 , 27765 , sormakaza123@gmail.com
27812 , 532-35-1139 , AbcdefgHij , BabcdefGhi , Sorma girme sk. cakma aprt.bak , 698-698-1230 , 27766 , sormsaakaza123@gmail.com
27813 , 532-35-1140 , AbcdefgHijk , BabcdefGhij , Sorma girme sk. cakma aprt.bak , 698-698-1278 , 27767 , sormsaakaza123@gmail.com
27814 , 532-35-1141 , AbcdefgHijkl , BabcdefGhijk , Sorma girme sk. cakma aprt.bak , 698-698-1271 , 27768 , sormsaakagza123@gmail.com
27815 , 532-35-1142 , AbcdefgHijkl , BabcdefGhijk , Sorma girme sk. cakma aprt.bak , 698-698-1271 , 27769 , sormsaakagza123@gmail.com
27816 , 532-35-1143 , AbcdefgHijkl , BabcdefGhijkn , Sorma girme sk. cakma aprt.bak , 698-698-1271 , 27770 , soagza123@gmail.com
27817 , 532-35-1144 , AbcdefgHijkl , BabcdefGhijkn , Sorma girme sk. cakma aprt.bak , 698-698-1271 , 27771 , soagza1g23@gmail.com
27818 , 532-35-1145 , AbcdefgHijkli , BabcdefGhijkn , Sorma girme sk. cakma aprt.bak , 698-698-1271 , 27772 , soagza1yg23@gmail.com
